lat,long,cell_id,Lbar_g,sigma2_g,sigma_g,pcold_g,pwarm_g
18,97.5,1,296.8250376084991,0.4722032130529279,0.6871704395948125,0.1614819004524887,0.15653280542986425
18,100,2,295.29656053883997,0.6240567164239575,0.7899726048566226,0.18679298642533937,0.18028846153846154
18,102.5,3,294.4944574243163,0.41954598326346126,0.647723693609753,0.11807126696832579,0.1371606334841629
18,105,4,294.90571830355384,0.25522734335841935,0.5052003002358761,0.06151018099547511,0.09898190045248868
18,107.5,5,297.12255767028256,0.1526163404454466,0.3906614140729112,0.026866515837104074,0.05571266968325792
18,110,6,297.6069961831221,0.12884847114895376,0.3589546923344975,0.024886877828054297,0.03195701357466063
18,112.5,7,297.9445345754178,0.17375959689662404,0.4168448115265728,0.05175339366515837,0.04736990950226244
18,115,8,298.25076494749135,0.22615626163346841,0.47555889396947293,0.08031674208144797,0.07720588235294118
18,117.5,9,298.35216680299465,0.24728195509835768,0.49727452689471,0.08837669683257919,0.09205316742081449
18,120,10,298.1836620179057,0.21913901702298755,0.46812286530673497,0.06999434389140272,0.08144796380090498
18,122.5,11,298.1737009425329,0.15538457261673316,0.3941884988387322,0.042279411764705885,0.03888574660633484
18,125,12,298.6387141067338,0.15575934747584133,0.39466358772483856,0.046521493212669685,0.03294683257918552
18,127.5,13,298.81543183398645,0.14392861352858202,0.3793792476250935,0.04242081447963801,0.02559389140271493
18,130,14,298.9227760154557,0.12877784706397477,0.35885630419984926,0.03577488687782805,0.017816742081447963
18,132.5,15,299.0150197767744,0.11582627949943547,0.3403326012879687,0.030684389140271492,0.010605203619909503
18,135,16,299.0969476904804,0.10439849616262328,0.32310756128977125,0.026300904977375566,0.008059954751131223
18,137.5,17,299.15723522216484,0.09571840920957486,0.30938391879600796,0.021493212669683258,0.004100678733031674
18,140,18,299.19275949587467,0.08900323863224177,0.2983341057141167,0.021634615384615384,0.0025452488687782806
18,142.5,19,299.19639974230194,0.08454031403543814,0.29075817105532586,0.02106900452488688,0.0019796380090497737
19.8947368421053,97.5,20,294.3561869922626,0.46458263016732004,0.6816029857382668,0.15752262443438914,0.16020927601809956
19.8947368421053,100,21,292.4422426982523,0.5538076078886636,0.7441825097976057,0.17604638009049775,0.167420814479638
19.8947368421053,102.5,22,291.96801370768884,0.29607939054477095,0.5441317768195227,0.08385180995475112,0.10492081447963801
19.8947368421053,105,23,293.9760938320045,0.27000384625949025,0.5196189433224027,0.08074095022624435,0.10138574660633484
19.8947368421053,107.5,24,296.5926273800489,0.15503755341291775,0.39374808369428005,0.034926470588235295,0.04751131221719457
19.8947368421053,110,25,296.809084252894,0.16944901634783274,0.4116418544655448,0.04284502262443439,0.05217760180995475
19.8947368421053,112.5,26,297.4920145001706,0.13559733805026072,0.3682354383410982,0.03153280542986425,0.030684389140271492
19.8947368421053,115,27,297.79051554149095,0.1744514506226063,0.41767385676219465,0.04835972850678733,0.05104638009049774
19.8947368421053,117.5,28,297.9945424606358,0.20828362084977192,0.4563810040413294,0.06518665158371041,0.07197398190045248
19.8947368421053,120,29,298.06893846747744,0.2134759781835513,0.46203460712759525,0.06829751131221719,0.07635746606334842
19.8947368421053,122.5,30,298.08166682846047,0.21052264948384258,0.4588274724597935,0.06829751131221719,0.07239819004524888
19.8947368421053,125,31,298.077222427092,0.20301232888032117,0.4505688947101444,0.06716628959276018,0.0661764705882353
19.8947368421053,127.5,32,298.16828997426444,0.1916427825528699,0.43777023945543614,0.059247737556561084,0.055995475113122174
19.8947368421053,130,33,298.2829812846033,0.1766767881040024,0.4203293804910649,0.05486425339366516,0.04468325791855204
19.8947368421053,132.5,34,298.4056490621955,0.16243005269331184,0.40302611912047565,0.049773755656108594,0.035633484162895926
19.8947368421053,135,35,298.5296125523465,0.14954366259063342,0.38670875680624744,0.04468325791855204,0.029694570135746605
19.8947368421053,137.5,36,298.6428268531149,0.13870880064149516,0.37243630414004375,0.038461538461538464,0.025452488687782805
19.8947368421053,140,37,298.7343063322128,0.12937559044131336,0.3596881850176808,0.034219457013574664,0.020079185520361992
19.8947368421053,142.5,38,298.7881546915926,0.1213598007764471,0.3483673359780551,0.031815610859728505,0.01456447963800905
21.7894736842105,97.5,39,292.3219728038322,0.4074608734157003,0.6383266196984897,0.14917986425339366,0.1472002262443439
21.7894736842105,100,40,290.2334553120183,0.37193130355439824,0.6098617085490761,0.1213235294117647,0.13249434389140272
21.7894736842105,102.5,41,289.97151223998264,0.24341150739249903,0.4933675175693056,0.0709841628959276,0.08823529411764706
21.7894736842105,105,42,291.8013455087423,0.24404198142760866,0.49400605403943043,0.07423642533936652,0.08936651583710407
21.7894736842105,107.5,43,294.43058999127754,0.21897234987250766,0.46794481498624135,0.06759049773755656,0.0762160633484163
21.7894736842105,110,44,295.85669563330856,0.2983400088147765,0.5462050977561236,0.10690045248868778,0.1101527149321267
21.7894736842105,112.5,45,296.67820127876996,0.15411016517270948,0.39256867574057597,0.03888574660633484,0.03817873303167421
21.7894736842105,115,46,296.9499132938874,0.14423746837160423,0.3797860823827069,0.034502262443438916,0.03478506787330317
21.7894736842105,117.5,47,297.1334990491335,0.1724159505923081,0.41522999722118836,0.04666289592760181,0.05118778280542986
21.7894736842105,120,48,297.3502088236773,0.1989707732001557,0.44606140070640016,0.06122737556561086,0.06518665158371041
21.7894736842105,122.5,49,297.3842509598394,0.2272838617189697,0.47674297238550845,0.0746606334841629,0.08173076923076923
21.7894736842105,125,50,297.32645427551387,0.24035189845933222,0.49025697186203504,0.0794683257918552,0.0895079185520362
21.7894736842105,127.5,51,297.35848767221603,0.23189221480364441,0.4815518817361681,0.07565045248868778,0.08201357466063348
21.7894736842105,130,52,297.4696735861075,0.21899181367569162,0.46796561163796174,0.06914592760180996,0.07395361990950226
21.7894736842105,132.5,53,297.6050801884894,0.20762312320177032,0.4556568041868467,0.06518665158371041,0.0673076923076923
21.7894736842105,135,54,297.7590312159439,0.1972800541026646,0.4441621934639019,0.06066176470588235,0.06066176470588235
21.7894736842105,137.5,55,297.91340808379346,0.18904335366473385,0.43479116097815723,0.05854072398190045,0.055995475113122174
21.7894736842105,140,56,298.05757672322824,0.18154365217891064,0.4260793965670138,0.0561368778280543,0.052884615384615384
21.7894736842105,142.5,57,298.16383632995064,0.17423177004401869,0.41741079291750316,0.05231900452488688,0.047652714932126694
23.6842105263158,97.5,58,290.68324016122256,0.18798322435079948,0.4335703222671029,0.05005656108597285,0.061368778280542984
23.6842105263158,100,59,288.2199142191385,0.13122642343098437,0.3622518784367921,0.02743212669683258,0.026866515837104074
23.6842105263158,102.5,60,288.0953536835551,0.16808479290788106,0.40998145434626804,0.04199660633484163,0.049773755656108594
23.6842105263158,105,61,287.5576587381406,0.18498359100947775,0.43009718786511236,0.05345022624434389,0.05260180995475113
23.6842105263158,107.5,62,290.4798528533176,0.22430091966733554,0.4736041803735853,0.06942873303167421,0.0752262443438914
23.6842105263158,110,63,292.2917133032107,0.21552003827100233,0.4642413577773983,0.0667420814479638,0.06815610859728506
23.6842105263158,112.5,64,291.9729748275665,0.20719325635542468,0.4551848595410712,0.06221719457013575,0.06363122171945701
23.6842105263158,115,65,292.5956411354502,0.20686537386740264,0.4548245528414255,0.06348981900452488,0.06631787330316742
23.6842105263158,117.5,66,294.7254777864453,0.17829460127828797,0.4222494538519712,0.04835972850678733,0.05132918552036199
23.6842105263158,120,67,294.9109430536066,0.198109166337343,0.4450945588718683,0.057126696832579184,0.06348981900452488
23.6842105263158,122.5,68,296.25293643873744,0.21713303726061764,0.4659753612162532,0.06787330316742081,0.07423642533936652
23.6842105263158,125,69,296.57817047178116,0.25725023100514766,0.5071984138432885,0.0831447963800905,0.09671945701357466
23.6842105263158,127.5,70,296.53804748234523,0.25473217746128335,0.5047099934232364,0.08243778280542986,0.09572963800904978
23.6842105263158,130,71,296.5482302460016,0.24038971604534323,0.49029553949158383,0.07565045248868778,0.0852658371040724
23.6842105263158,132.5,72,296.65902651740777,0.2315813923991676,0.4812290435948018,0.0709841628959276,0.08017533936651584
23.6842105263158,135,73,296.8184195676001,0.2274418454272145,0.476908634255257,0.06957013574660634,0.0794683257918552
23.6842105263158,137.5,74,296.9892530488033,0.22619554414028895,0.4756001935873123,0.06971153846153846,0.07918552036199095
23.6842105263158,140,75,297.16015574835006,0.22617174698225562,0.47557517490114604,0.07070135746606335,0.07847850678733032
23.6842105263158,142.5,76,297.3043203073389,0.22501950045893054,0.4743622038684475,0.072539592760181,0.07833710407239819
25.578947368421,97.5,77,286.7436214180194,0.09135778875640135,0.30225450990250147,0.022907239819004523,0.003676470588235294
25.578947368421,100,78,285.0228285782298,0.10294466407027748,0.3208499089454094,0.024886877828054297,0.007211538461538462
25.578947368421,102.5,79,285.9001786849078,0.11931878298111541,0.3454255100323591,0.028987556561085974,0.015978506787330315
25.578947368421,105,80,287.6809594260801,0.25775489015592923,0.5076956668673953,0.08710407239819004,0.08667986425339366
25.578947368421,107.5,81,289.19333272426195,0.2612660957772425,0.5111419526679869,0.09276018099547512,0.08837669683257919
25.578947368421,110,82,290.816290584265,0.24716678841903758,0.4971587155215501,0.083710407239819,0.08229638009049774
25.578947368421,112.5,83,290.8324219403763,0.24466658805200792,0.4946378352411064,0.08059954751131222,0.08187217194570136
25.578947368421,115,84,290.9079244981884,0.2396925166564638,0.4895840241025679,0.07607466063348416,0.07861990950226244
25.578947368421,117.5,85,291.36946019579744,0.26020401748065375,0.5101019677286628,0.08399321266968326,0.08781108597285067
25.578947368421,120,86,293.6536762268475,0.21468794337098976,0.46334430326808784,0.06631787330316742,0.06603506787330317
25.578947368421,122.5,87,294.98426139552487,0.22160929735534007,0.47075396690345594,0.06815610859728506,0.07225678733031674
25.578947368421,125,88,295.66633907522373,0.25721266903049955,0.5071613836152152,0.08257918552036199,0.09544683257918551
25.578947368421,127.5,89,295.8032491498403,0.26413276938950064,0.5139384879433536,0.08682126696832579,0.09912330316742081
25.578947368421,130,90,295.71890493395824,0.24956386887460497,0.499563678498152,0.07960972850678733,0.08922511312217195
25.578947368421,132.5,91,295.6682816328506,0.23454890166765321,0.4843024898425087,0.0709841628959276,0.07932692307692307
25.578947368421,135,92,295.777062274392,0.23162697540572863,0.48127640229469865,0.06829751131221719,0.07918552036199095
25.578947368421,137.5,93,295.93137180607425,0.2363501832981444,0.48615859891412433,0.07070135746606335,0.08413461538461539
25.578947368421,140,94,296.0940347307588,0.2444540851570502,0.49442298202758556,0.07423642533936652,0.08837669683257919
25.578947368421,142.5,95,296.24847436167,0.25172966731644464,0.5017266858723429,0.07833710407239819,0.09049773755656108
27.4736842105263,97.5,96,281.758075303082,0.12580415216809152,0.35468881032264254,0.03436085972850679,0.017109728506787332
27.4736842105263,100,97,279.37089199070476,0.15451710365871124,0.3930866363267915,0.04524886877828054,0.025028280542986427
27.4736842105263,102.5,98,282.1334982213212,0.12077108704013685,0.34752134760347725,0.03125,0.01414027149321267
27.4736842105263,105,99,288.42692710839066,0.23775952441805304,0.48760591097530087,0.08130656108597285,0.07536764705882353
27.4736842105263,107.5,100,289.15288107175815,0.2977498670983325,0.5456646104507168,0.10294117647058823,0.10492081447963801
27.4736842105263,110,101,289.12935853579825,0.25125355003492644,0.5012519825745595,0.0858314479638009,0.07975113122171945
27.4736842105263,112.5,102,289.8987354426722,0.27156933135436423,0.5211231441361669,0.09219457013574661,0.09063914027149321
27.4736842105263,115,103,290.23608376645393,0.28797530713601643,0.5366333078891176,0.09473981900452488,0.09813348416289593
27.4736842105263,117.5,104,290.09970195836434,0.27514253945074285,0.5245403125125302,0.0873868778280543,0.08993212669683258
27.4736842105263,120,105,291.31338885359094,0.2585154797311967,0.5084441756291409,0.0815893665158371,0.0831447963800905
27.4736842105263,122.5,106,293.4424960962068,0.22255034955828337,0.47175242400891104,0.06815610859728506,0.06900452488687783
27.4736842105263,125,107,294.35036975298175,0.24841055167723283,0.49840801726821454,0.07805429864253394,0.0858314479638009
27.4736842105263,127.5,108,294.81035522062496,0.2592676058583495,0.509183273348948,0.08130656108597285,0.09375
27.4736842105263,130,109,294.9200107907458,0.255637135576781,0.5056057115745243,0.08017533936651584,0.09233597285067874
27.4736842105263,132.5,110,294.80817667211704,0.23911324096546366,0.488992066362496,0.07211538461538461,0.08257918552036199
27.4736842105263,135,111,294.767791922096,0.22587907582653433,0.4752673729875998,0.06575226244343892,0.07649886877828055
27.4736842105263,137.5,112,294.8552958343184,0.22825522385245314,0.4777606344734287,0.06561085972850679,0.07805429864253394
27.4736842105263,140,113,294.97101204032094,0.23832158993588318,0.48818192299170926,0.06942873303167421,0.08498303167420815
27.4736842105263,142.5,114,295.0982900579231,0.2503641451390762,0.5003640126338785,0.07183257918552036,0.09233597285067874
29.3684210526316,97.5,115,274.71676579391976,0.2742315799414467,0.5236712517805868,0.09247737556561086,0.08399321266968326
29.3684210526316,100,116,274.0927886531364,0.2355856883089946,0.48537170118270656,0.07819570135746606,0.06801470588235294
29.3684210526316,102.5,117,279.1071025451384,0.17368948117766764,0.41676070013578254,0.05415723981900453,0.03308823529411765
29.3684210526316,105,118,286.9699896356459,0.2188943129535314,0.46786142494710053,0.07565045248868778,0.06179298642533937
29.3684210526316,107.5,119,287.6043793975318,0.21871136169202096,0.46766586543388106,0.07197398190045248,0.0630656108597285
29.3684210526316,110,120,287.23994054226137,0.23676173800241251,0.4865816868753,0.0810237556561086,0.06914592760180996
29.3684210526316,112.5,121,288.6844376111642,0.24646140387098797,0.49644879279839926,0.08229638009049774,0.0767816742081448
29.3684210526316,115,122,289.399368399049,0.2906191332632452,0.5390910250256863,0.09714366515837104,0.09530542986425339
29.3684210526316,117.5,123,288.8775682212001,0.2773225955046768,0.5266142758268871,0.0900735294117647,0.08865950226244344
29.3684210526316,120,124,288.621521350665,0.3093085148871727,0.5561551176489997,0.1016685520361991,0.09983031674208145
29.3684210526316,122.5,125,291.64167716995803,0.2540669047709817,0.5040504982350297,0.08130656108597285,0.07918552036199095
29.3684210526316,125,126,292.8226420433453,0.24755253125595264,0.4975465116508733,0.07607466063348416,0.0815893665158371
29.3684210526316,127.5,127,293.44959435311915,0.2450497376976103,0.49502498694268987,0.07451923076923077,0.08569004524886878
29.3684210526316,130,128,293.79555101919675,0.24757844858304,0.49757255609914824,0.0752262443438914,0.08682126696832579
29.3684210526316,132.5,129,293.9274660411823,0.24779967972450767,0.4977948168919677,0.07508484162895927,0.08724547511312217
29.3684210526316,135,130,293.8741554940628,0.237450214438427,0.4872886356549135,0.07112556561085973,0.08088235294117647
29.3684210526316,137.5,131,293.8786562143588,0.23102863667053938,0.48065438380455805,0.06660067873303167,0.07918552036199095
29.3684210526316,140,132,293.93152978805034,0.2325000685499673,0.48218260913264727,0.06631787330316742,0.08342760180995475
29.3684210526316,142.5,133,294.0027512932255,0.23850433254069145,0.48836905362716365,0.06914592760180996,0.08653846153846154
31.2631578947368,97.5,134,268.6983692984056,0.40369430486654545,0.635369423931106,0.13108031674208145,0.12980769230769232
31.2631578947368,100,135,270.20869330637055,0.35421921671205153,0.595163184943467,0.11736425339366516,0.1213235294117647
31.2631578947368,102.5,136,276.18238670110344,0.2631401669438499,0.5129718968363178,0.08979072398190045,0.08356900452488687
31.2631578947368,105,137,283.6342060965111,0.23094723000858544,0.4805696931856871,0.08512443438914027,0.06391402714932126
31.2631578947368,107.5,138,285.2663357311784,0.19607812955046777,0.4428071019648034,0.06744909502262443,0.04991515837104073
31.2631578947368,110,139,285.3565625648153,0.24174622305938004,0.4916769498963522,0.08187217194570136,0.07027714932126697
31.2631578947368,112.5,140,287.2344654253705,0.2818850059385862,0.5309284376811871,0.09530542986425339,0.09035633484162896
31.2631578947368,115,141,288.39731483869423,0.3221969874049812,0.567623984169962,0.1074660633484163,0.10944570135746606
31.2631578947368,117.5,142,288.23606013964024,0.31038247574456285,0.5571198037626762,0.1022341628959276,0.1016685520361991
31.2631578947368,120,143,288.4356509028157,0.34856695227125245,0.5903955896441406,0.11510180995475112,0.11792986425339366
31.2631578947368,122.5,144,290.48080845476096,0.29908289900531504,0.5468847218613033,0.09983031674208145,0.09488122171945701
31.2631578947368,125,145,291.28708526415704,0.26752349855015084,0.5172267380464305,0.08554864253393665,0.08653846153846154
31.2631578947368,127.5,146,291.82718688222616,0.2470509426297245,0.49704219401347055,0.07536764705882353,0.08257918552036199
31.2631578947368,130,147,292.0441926331182,0.24228245233331314,0.49222195433900867,0.07126696832579185,0.08187217194570136
31.2631578947368,132.5,148,292.493390588559,0.25057095401736024,0.5005706284005886,0.07635746606334842,0.0873868778280543
31.2631578947368,135,149,292.7643807581647,0.2551751499686093,0.5051486414597285,0.07805429864253394,0.08922511312217195
31.2631578947368,137.5,150,292.9298850389627,0.25326792577074075,0.5032573156653967,0.07607466063348416,0.09021493212669683
31.2631578947368,140,151,293.0127480986611,0.2491134372929157,0.4991126499027206,0.07480203619909502,0.0889423076923077
31.2631578947368,142.5,152,293.03183618641907,0.24401065050151227,0.493974341946535,0.07197398190045248,0.08922511312217195
33.1578947368421,97.5,153,267.04129822095956,0.7884531381398301,0.8879488375688265,0.2272341628959276,0.23529411764705882
33.1578947368421,100,154,268.1544078360136,0.7548585643722371,0.8688259689789648,0.2272341628959276,0.22412330316742082
33.1578947368421,102.5,155,274.0754196316588,0.6133906733485627,0.7831926157392973,0.198670814479638,0.20517533936651583
33.1578947368421,105,156,280.75805074488954,0.27074468241318866,0.5203313198464884,0.09898190045248868,0.07960972850678733
33.1578947368421,107.5,157,282.87627370864556,0.2291805924371532,0.4787280986501139,0.0804581447963801,0.06122737556561086
33.1578947368421,110,158,283.68535878971153,0.26773374789186216,0.5174299449122192,0.09459841628959276,0.07847850678733032
33.1578947368421,112.5,159,285.8799443687249,0.26214568371113844,0.5120016442465185,0.09205316742081449,0.07607466063348416
33.1578947368421,115,160,287.1279418903598,0.3037535997573853,0.5511384578827586,0.10096153846153846,0.10067873303167421
33.1578947368421,117.5,161,287.13691469447105,0.31192311694713565,0.5585007761383467,0.10407239819004525,0.10562782805429864
33.1578947368421,120,162,287.987747317166,0.31604073530894805,0.5621750041659164,0.10393099547511313,0.10096153846153846
33.1578947368421,122.5,163,289.2353766262981,0.3130471407872763,0.5595061579529543,0.10576923076923077,0.10082013574660634
33.1578947368421,125,164,289.7275688828027,0.29382866730874696,0.5420596529061603,0.0974264705882353,0.09629524886877829
33.1578947368421,127.5,165,289.8846197592187,0.2842404222767509,0.5331420282408346,0.09332579185520362,0.09459841628959276
33.1578947368421,130,166,289.3126300269482,0.282103208421708,0.5311338893553188,0.08908371040723982,0.09389140271493213
33.1578947368421,132.5,167,289.5090472148015,0.26675555350823094,0.5164838366379252,0.0804581447963801,0.08993212669683258
33.1578947368421,135,168,290.7812878474211,0.27196932183782435,0.5215067802414695,0.08272058823529412,0.09389140271493213
33.1578947368421,137.5,169,291.45147305592155,0.2747287719866024,0.5241457545250199,0.08399321266968326,0.09544683257918551
33.1578947368421,140,170,291.86127315387466,0.2752688816700842,0.5246607300628514,0.08441742081447964,0.09884049773755656
33.1578947368421,142.5,171,292.06154090750454,0.2693502917146632,0.5189896836302849,0.08300339366515837,0.0979920814479638
35.0526315789474,97.5,172,267.4041187673313,0.3896009942105786,0.6241802577866258,0.13433257918552036,0.12980769230769232
35.0526315789474,100,173,267.1693126317423,0.48094339083531074,0.6935008225195632,0.1614819004524887,0.15879524886877827
35.0526315789474,102.5,174,271.9973030426563,0.6876433585676275,0.8292426415516917,0.2123868778280543,0.21125565610859728
35.0526315789474,105,175,279.8191825255729,0.3440310703196608,0.5865416185742157,0.12542420814479638,0.10039592760180996
35.0526315789474,107.5,176,281.5645355335008,0.25923453872987423,0.5091508015606715,0.09049773755656108,0.06999434389140272
35.0526315789474,110,177,282.13821318660206,0.3146123872154038,0.5609031888083752,0.11467760180995475,0.09092194570135746
35.0526315789474,112.5,178,284.27066715414526,0.27130176831320696,0.5208663632000121,0.09841628959276018,0.0800339366515837
35.0526315789474,115,179,285.79671518583285,0.316873193960661,0.5629149082771401,0.10916289592760181,0.10576923076923077
35.0526315789474,117.5,180,286.0319188924936,0.3487772492676689,0.5905736611699415,0.12005090497737557,0.11269796380090498
35.0526315789474,120,181,287.51278781027816,0.31696727795678986,0.5629984706522655,0.11001131221719457,0.10124434389140272
35.0526315789474,122.5,182,287.7891762799627,0.32924745001593314,0.5738008801108039,0.11298076923076923,0.10888009049773756
35.0526315789474,125,183,287.56258388558126,0.33861593768952647,0.5819071555579347,0.1170814479638009,0.11354638009049774
35.0526315789474,127.5,184,287.06707891080174,0.30536329868360473,0.5525968681449477,0.10067873303167421,0.10124434389140272
35.0526315789474,130,185,288.21654721586594,0.34088261097203704,0.5838515316174455,0.11411199095022624,0.11467760180995475
35.0526315789474,132.5,186,287.613873323524,0.30773298534327176,0.5547368613525441,0.09884049773755656,0.103789592760181
35.0526315789474,135,187,286.9664637165012,0.295913077538759,0.5439789311533665,0.09516402714932126,0.09785067873303167
35.0526315789474,137.5,188,287.8505683099882,0.28346402185602226,0.5324133937609217,0.08724547511312217,0.09728506787330317
35.0526315789474,140,189,289.3156124243729,0.3003020630917976,0.5479982327451408,0.0931843891402715,0.10732466063348416
35.0526315789474,142.5,190,290.40659009349474,0.3116467851271343,0.5582533341836252,0.09643665158371041,0.11241515837104073
36.9473684210526,97.5,191,270.1233510753508,0.5094470783949155,0.7137556153158555,0.166289592760181,0.1620475113122172
36.9473684210526,100,192,269.70945706788234,0.3773509098075209,0.6142889465125683,0.13419117647058823,0.12302036199095022
36.9473684210526,102.5,193,272.9377196998438,0.4433771194349303,0.6658656917389049,0.15087669683257918,0.14960407239819004
36.9473684210526,105,194,278.8089913672811,0.3994354723701492,0.632009076177035,0.13857466063348417,0.13546380090497737
36.9473684210526,107.5,195,280.1896026688284,0.3727223437055387,0.6105099046743948,0.12316176470588236,0.11255656108597285
36.9473684210526,110,196,280.6203668955404,0.39188088560467277,0.6260039022279915,0.13744343891402716,0.12047511312217195
36.9473684210526,112.5,197,282.24434955159643,0.3077571451883754,0.5547586368758718,0.10916289592760181,0.08498303167420815
36.9473684210526,115,198,283.63549905377096,0.2847114567496609,0.53358359865129,0.10138574660633484,0.08116515837104073
36.9473684210526,117.5,199,284.6072920961797,0.3165102381952697,0.5625924263579005,0.10492081447963801,0.09686085972850679
36.9473684210526,120,200,285.4986219603911,0.29830273784983236,0.5461709785862229,0.10025452488687783,0.09459841628959276
36.9473684210526,122.5,201,286.09904546004077,0.3470778925777036,0.5891331704951807,0.12047511312217195,0.1170814479638009
36.9473684210526,125,202,285.85463879694584,0.36757492133329345,0.6062795735741833,0.12669683257918551,0.12683823529411764
36.9473684210526,127.5,203,284.3749316777938,0.30662925664441015,0.5537411458835347,0.1022341628959276,0.1016685520361991
36.9473684210526,130,204,286.23318967991827,0.3954746743704607,0.6288677717695992,0.12938348416289594,0.1340497737556561
36.9473684210526,132.5,205,286.867058788849,0.3955243279696251,0.628907249099281,0.13093891402714933,0.13588800904977374
36.9473684210526,135,206,286.70394605892636,0.386391520982172,0.6216039904812163,0.12754524886877827,0.13489819004524886
36.9473684210526,137.5,207,285.95480198342335,0.35514802363968756,0.5959429701235577,0.11552601809954752,0.12542420814479638
36.9473684210526,140,208,284.8218489808015,0.31379609100523814,0.5601750538940824,0.10124434389140272,0.11057692307692307
36.9473684210526,142.5,209,288.4972224688638,0.37938621591526617,0.6159433544696024,0.12259615384615384,0.13263574660633484
38.8421052631579,97.5,210,276.4155201093823,0.37361406030576133,0.6112397731706939,0.12683823529411764,0.11807126696832579
38.8421052631579,100,211,277.92059238446063,0.33008050017039103,0.5745263267861543,0.11255656108597285,0.10902149321266968
38.8421052631579,102.5,212,280.1279829970672,0.3940571810361021,0.6277397398891535,0.13659502262443438,0.13320135746606335
38.8421052631579,105,213,281.46073933730116,0.3916144775770961,0.6257910814138342,0.13263574660633484,0.1282522624434389
38.8421052631579,107.5,214,280.1814721355251,0.4033438322190518,0.6350935617836571,0.13843325791855204,0.12683823529411764
38.8421052631579,110,215,278.68222958092235,0.45146609408503074,0.6719122666576572,0.14819004524886878,0.14239253393665158
38.8421052631579,112.5,216,279.1447859702247,0.3694847738157387,0.6078525921765396,0.12726244343891402,0.11029411764705882
38.8421052631579,115,217,280.26045239636983,0.3173320753526335,0.5633223547424987,0.11397058823529412,0.09375
38.8421052631579,117.5,218,283.3779086681872,0.3266566984889627,0.5715388862439394,0.1117081447963801,0.10421380090497738
38.8421052631579,120,219,284.62436849643024,0.3816786230344566,0.6178014430498334,0.13334276018099547,0.12839366515837103
38.8421052631579,122.5,220,284.0879253603934,0.3944710851623882,0.6280693314932582,0.13673642533936653,0.13489819004524886
38.8421052631579,125,221,282.77679764523225,0.39882986881264626,0.6315297845807799,0.13390837104072398,0.13730203619909503
38.8421052631579,127.5,222,282.00967198007964,0.406787554282873,0.6377989920679343,0.1375848416289593,0.13588800904977374
38.8421052631579,130,223,284.22737136937195,0.45532171209263955,0.674775304892406,0.14946266968325791,0.15172511312217193
38.8421052631579,132.5,224,284.96829086659,0.4376399726521861,0.6615436286838429,0.1414027149321267,0.14705882352941177
38.8421052631579,135,225,285.1622695005857,0.4278696049427645,0.6541174244298683,0.14069570135746606,0.14338235294117646
38.8421052631579,137.5,226,285.15850126401693,0.43254082465052623,0.6576783595729194,0.14380656108597284,0.14578619909502263
38.8421052631579,140,227,284.54914364699687,0.4112681726651016,0.6413019356473997,0.14097850678733032,0.14154411764705882
38.8421052631579,142.5,228,286.8375184611497,0.5241353484149016,0.7239719251565641,0.16544117647058823,0.16982466063348417
40.7368421052632,97.5,229,279.3260478338685,0.34403190519267857,0.5865423302649848,0.11382918552036199,0.10972850678733032
40.7368421052632,100,230,279.58149943991845,0.44524685024492633,0.6672681996355936,0.14479638009049775,0.13942307692307693
40.7368421052632,102.5,231,280.6172109324468,0.5214448237275274,0.7221113651837419,0.1641685520361991,0.16487556561085973
40.7368421052632,105,232,280.0503120451132,0.48957400327245243,0.6996956504598641,0.15921945701357465,0.15526018099547512
40.7368421052632,107.5,233,279.33083993708925,0.4869034329654126,0.6977846608842965,0.15398755656108598,0.15186651583710406
40.7368421052632,110,234,277.9125940024763,0.49775120072974643,0.7055148479867355,0.16190610859728508,0.15667420814479638
40.7368421052632,112.5,235,276.7581216539193,0.4440102070297222,0.6663409090170903,0.1483314479638009,0.13588800904977374
40.7368421052632,115,236,277.1782026826706,0.4213242003071755,0.6490949085512653,0.14437217194570134,0.1356052036199095
40.7368421052632,117.5,237,279.8336474508901,0.37402262505737743,0.6115738917394835,0.13065610859728508,0.12330316742081449
40.7368421052632,120,238,281.39671135218435,0.4071389559479464,0.6380744125475856,0.14055429864253394,0.14027149321266968
40.7368421052632,122.5,239,279.8957778941812,0.45652394723240136,0.6756655587140737,0.1546945701357466,0.15483597285067874
40.7368421052632,125,240,278.6951375922826,0.5058224726720902,0.7112119744999308,0.16558257918552036,0.16501696832579185
40.7368421052632,127.5,241,279.36762463902636,0.47387444073419416,0.6883853867814119,0.15554298642533937,0.15794683257918551
40.7368421052632,130,242,281.5820466066018,0.46604592945781986,0.682675566764931,0.15455316742081449,0.15554298642533937
40.7368421052632,132.5,243,282.7176003136067,0.46238660017824873,0.6799901471185069,0.1556843891402715,0.15497737556561086
40.7368421052632,135,244,283.2561501118932,0.45378540616210644,0.6736359596711762,0.15328054298642535,0.15285633484162897
40.7368421052632,137.5,245,283.39334268699406,0.4704884759277938,0.6859216252078614,0.16119909502262444,0.1546945701357466
40.7368421052632,140,246,283.24558670416496,0.5085817736851782,0.7131491945485028,0.17392533936651583,0.16699660633484162
40.7368421052632,142.5,247,283.8555236042535,0.8052905396792813,0.8973798190728837,0.22313348416289594,0.22101244343891402
42.6315789473684,97.5,248,278.617339582285,0.6592152253462258,0.8119207013903672,0.19640837104072398,0.197539592760181
42.6315789473684,100,249,277.7024987241981,0.8085367326239237,0.8991867062095189,0.22596153846153846,0.2266685520361991
42.6315789473684,102.5,250,277.644618528461,0.7752503243072295,0.8804830062569234,0.21054864253393665,0.22157805429864252
42.6315789473684,105,251,278.2211549591335,0.6277609197567683,0.7923136498614474,0.18453054298642535,0.18552036199095023
42.6315789473684,107.5,252,277.7413455179554,0.5481093321526622,0.74034406336018,0.17010746606334842,0.1699660633484163
42.6315789473684,110,253,277.3294827127169,0.5692332845866669,0.7544755029732025,0.17816742081447964,0.17590497737556562
42.6315789473684,112.5,254,275.85716135397575,0.6295593521403566,0.7934477627042353,0.19145927601809956,0.1932975113122172
42.6315789473684,115,255,274.53135117146763,0.621150595059925,0.7881310773341735,0.18622737556561086,0.19555995475113122
42.6315789473684,117.5,256,275.1111144224803,0.5406317744368634,0.7352766652334776,0.1705316742081448,0.17335972850678733
42.6315789473684,120,257,277.99819531861476,0.5487211647680607,0.7407571564069163,0.17618778280542988,0.17562217194570134
42.6315789473684,122.5,258,277.9934506612306,0.5580990973375372,0.7470603036820637,0.17647058823529413,0.17986425339366516
42.6315789473684,125,259,277.59244992776155,0.5511923999523277,0.7424233293427193,0.17717760180995476,0.17830882352941177
42.6315789473684,127.5,260,276.5584989435533,0.5637522989905711,0.7508344018427573,0.17929864253393665,0.18255090497737556
42.6315789473684,130,261,277.85518458903647,0.4967441401107705,0.7048007804413744,0.16487556561085973,0.1658653846153846
42.6315789473684,132.5,262,279.77639648475616,0.5009757823305021,0.7077964271812215,0.16657239819004524,0.16515837104072398
42.6315789473684,135,263,280.80616376806347,0.522969928276693,0.7231665978712603,0.1768947963800905,0.17067307692307693
42.6315789473684,137.5,264,281.0133591884941,0.5480939160692407,0.7403336518551894,0.18580316742081449,0.17590497737556562
42.6315789473684,140,265,281.20217802981267,0.6122635650115819,0.7824727247716574,0.20277149321266968,0.18990384615384615
42.6315789473684,142.5,266,280.97176723099045,0.7660160908755179,0.8752234519684204,0.22497171945701358,0.22186085972850678
