manifest_id,manuscript_item,script,primary_inputs,output_files,workflow_step,output_kind,required_for_manuscript,verified_generated,verified_against_manuscript,notes
M001,Figure 2(a)–(c),Code/Figure2.R,Data/temperature index value.v1.xlsx,Output/Figure2/Figure2(a).png; Output/Figure2/Figure2(b).png; Output/Figure2/Figure2(c).png,figure2,figure,yes,yes,yes,Verify all three panels and the caption against the revised manuscript.
M002,Annual and city-specific LME intermediates,Code/DataPreparation/prepare_lme_annual.R,Data/LME data/a1.csv.gz; ...; Data/LME data/a13.csv.gz,Output/Intermediate/LME/lme_annual_1368_1911.rds; Output/Intermediate/LME/lme_city3_annual_1368_1911.csv ; Output/Intermediate/LME/lme_ensemble_mean_1368_1911.csv;  Output/Intermediate/LME/ lme_city3_ensemble_mean_1368_1911.csv,prepare_lme,intermediate,yes,yes,yes,The public workflow starts from a1.csv.gz–a13.csv.gz; GetLME.R is optional upstream documentation.
M003,Calibration parameters and curves,Code/prepare_calibration.R,Data/temperature index value.v1.xlsx,Output/Intermediate/calibration_parameters.rds,calibration,intermediate,yes,yes,yes,Add any calibration summary CSVs and curve-data files if retained in the final repository.
M004,Figure 4(a)–(c),Code/Figure4.R,Output/Intermediate/calibration_parameters.rds,Output/Figure4/Figure4(a).png; Output/Figure4/Figure4(b).png; Output/Figure4/Figure4(c).png,figure4,figure,yes,yes,yes,"Verify axes, zoom range, and panel dimensions against the revised manuscript."
M005,REACHES kriging products,Code/Get_tempe_all_data.R,Output/Intermediate/calibration_parameters.rds,Output/Intermediate/REACHES/reaches_kriging_lme_grid_mean.csv; Output/Intermediate/REACHES/reaches_kriging_city3_mean.csv; Output/Intermediate/REACHES/reaches_kriging_city3_sd.csv; Output/Intermediate/REACHES/reaches_kriging_city3_metadata.csv; Output/Intermediate/REACHES/reaches_kriging_metadata.csv,kriging,intermediate,yes,yes,yes,City predictions use direct kriging at the GHCN nominal station coordinates.
M006,Figure 3(a)–(c),Code/Figure3.R,Output/Intermediate/LME/lme_city3_annual_1368_1911.csv,Output/Figure3/Figure3(a).png; Output/Figure3/Figure3(b).png; Output/Figure3/Figure3(c).png,figure3,figure,yes,yes,yes,"Beijing, Shanghai, and Hong Kong panels."
M007,"Figure 5(a1)–(a3), (b1)–(b3)",Code/Figure5.R, Output/Intermediate/calibration_parameters.rds,Output/Figure5/Figure5(a1).png; Output/Figure5/Figure5(a2).png; Output/Figure5/Figure5(a3).png; Output/Figure5/Figure5(b1).png; Output/Figure5/Figure5(b2).png; Output/Figure5/Figure5(b3).png,figure5,figure,yes,yes,yes,Six separate panels.
M008,Figure 6 and cluster assignments,Code/Figure6.R,Output/Intermediate/REACHES/reaches_kriging_lme_grid_mean.csv,Output/Figure6/Figure6_cluster_map.jpg; Output/Figure6/Figure6_cluster_1.jpg; Output/Figure6/Figure6_cluster_2.jpg; Output/Figure6/Figure6_cluster_3.jpg; Output/Figure6/Figure6_cluster_4.jpg; Output/Figure6/Figure6_cluster_assignments.csv,figure6,figure+table,yes,yes,yes,The revised analysis selects four clusters; Figure S5 must reuse these assignments.
M009,Figure 7(e),Code/Figure7e.R,Output/Intermediate/REACHES/reaches_kriging_lme_grid_mean.csv; Output/Intermediate/REACHES/reaches_kriging_lme_grid_variance.csv; Output/Intermediate/LME/lme_annual_1368_1911.rds,Output/Figure7-8/Figure7e.png,figure7e,figure,yes,yes,yes,Full-grid quantile-mapping figure.
M010,Figures 7(a)–(d) and 8(a)–(d),Code/Figure7-8.R,Output/Intermediate/LME/lme_city3_annual_1368_1911.csv; Output/Intermediate/REACHES/reaches_kriging_city3_mean.csv; Output/Intermediate/REACHES/reaches_kriging_city3_sd.csv,Output/Figure7-8/Figure7a.png; Output/Figure7-8/Figure7b.png; Output/Figure7-8/Figure7c.png; Output/Figure7-8/Figure7d.png; Output/Figure7-8/Figure8a.png; Output/Figure7-8/Figure8b.png; Output/Figure7-8/Figure8c.png; Output/Figure7-8/Figure8d.png,figure7_8,figure,yes,yes,yes,All city-specific inputs must use the exact GHCN nominal coordinates.
M011,City-specific nonstationary AR(1) prior parameters,Code/Prior.R,Output/Intermediate/LME/lme_city3_annual_1368_1911.csv,Output/Intermediate/Prior/mtB.csv; Output/Intermediate/Prior/muB.csv; Output/Intermediate/Prior/rtB.csv; Output/Intermediate/Prior/mtS.csv; Output/Intermediate/Prior/muS.csv; Output/Intermediate/Prior/rtS.csv; Output/Intermediate/Prior/mtH.csv; Output/Intermediate/Prior/muH.csv; Output/Intermediate/Prior/rtH.csv,prior,intermediate,yes,yes,yes,The final reproducibility run must use the full manuscript penalty-search grid.
M012,"Figure 9(a)–(c), Figure S4(a)–(c), and Figure S5(a)–(c)",Code/Figure9abc.R,Output/Intermediate/Prior/mtB.csv; Output/Intermediate/Prior/muB.csv; Output/Intermediate/Prior/rtB.csv; Output/Intermediate/Prior/mtS.csv; Output/Intermediate/Prior/muS.csv; Output/Intermediate/Prior/rtS.csv; Output/Intermediate/Prior/mtH.csv; Output/Intermediate/Prior/muH.csv; Output/Intermediate/Prior/rtH.csv,Output/Figure9/Figure9a.png; Output/Figure9/Figure9b.png; Output/Figure9/Figure9c.png; Output/Supplementary/FigureS4a.png; Output/Supplementary/FigureS4b.png; Output/Supplementary/FigureS4c.png; Output/Supplementary/FigureS5a.png; Output/Supplementary/FigureS5b.png; Output/Supplementary/FigureS5c.png; Output/Figure9/Figure9abc_parameter_plot_data.csv,figure9abc,figure+table,yes,yes,yes,Beijing is Figure 9; Shanghai and Hong Kong are Supplementary Figures S4 and S5.
M013,"Figure 9(d), Figure S4(d), Figure S5(d), and city assimilation diagnostics",Code/Figure9d.R,Output/Intermediate/LME/lme_city3_annual_1368_1911.csv; Output/Intermediate/REACHES/reaches_kriging_city3_mean.csv; Output/Intermediate/REACHES/reaches_kriging_city3_sd.csv; Output/Intermediate/REACHES/reaches_kriging_metadata.csv; Output/Intermediate/Prior/mt*.csv; Output/Intermediate/Prior/mu*.csv; Output/Intermediate/Prior/rt*.csv,Output/Figure9/Figure9d.png; Output/Supplementary/FigureS4d.png; Output/Supplementary/FigureS5d.png; Data/Valid/assimilation_Beijing.csv; Data/Valid/assimilation_Shanghai.csv; Data/Valid/assimilation_HongKong.csv; Output/Intermediate/Assimilation/assimilation_metrics.csv; Output/Intermediate/Assimilation/assimilation_metadata.csv; Output/Intermediate/Assimilation/diagnostic_Beijing.png; Output/Intermediate/Assimilation/diagnostic_Shanghai.png; Output/Intermediate/Assimilation/diagnostic_HongKong.png; Output/Intermediate/Assimilation/diagnostic_temperature_Beijing.png; Output/Intermediate/Assimilation/diagnostic_temperature_Shanghai.png; Output/Intermediate/Assimilation/diagnostic_temperature_HongKong.png,figure9d,figure+table+intermediate,yes,yes,yes,"Retain coordinate, MSPE/SD, filter-identity, beta, weight, bias, RMSE, and anomaly diagnostics."
M014,Figure 10(a)–(c) and validation metrics,Code/Figure10.R,Data/Valid/assimilation_Beijing.csv; Data/Valid/assimilation_Shanghai.csv; Data/Valid/assimilation_HongKong.csv; Data/GHCNv4.xlsx,Output/Figure10/Figure10a.png; Output/Figure10/Figure10b.png; Output/Figure10/Figure10c.png; Output/Figure10/Figure10_metrics.csv,figure10,figure+table,yes,yes,yes,"Verify correlation, mean bias, RMSE, and anomaly metrics against the revised manuscript."
M015,Figure S2,Code/Supplementary/FigureS2.R,Data/temperature index value.v1.xlsx,Output/Supplementary/FigureS2a.png; Output/Supplementary/FigureS2b.png; Output/Supplementary/FigureS2c.png; Output/Supplementary/FigureS2d.png; Output/Supplementary/FigureS2e.png,figureS2,figure,yes,yes,yes,Five historical-period panels using filenames FigureS2a.png through FigureS2e.png.
M016,Figure S3(a)–(c),Code/Supplementary/FigureS3.R,Data/Valid/assimilation_Beijing.csv; Data/Valid/assimilation_Shanghai.csv; Data/Valid/assimilation_HongKong.csv; Data/GHCNv4.xlsx,Output/Supplementary/FigureS2a.png; Output/Supplementary/FigureS2b.png; Output/Supplementary/FigureS2c.png; Output/Supplementary/FigureS2_plot_data.csv,figureS3,figure+table,yes,yes,yes,Verify uncertainty ribbons use smoothed variance correctly.
M017,Full-grid posterior assimilation,Code/Assimilation_grid.R,Output/Figure6/Figure6_cluster_assignments.csv; Output/Intermediate/LME/lme_annual_1368_1911.rds; Output/Intermediate/REACHES/reaches_kriging_lme_grid_mean.csv; Output/Intermediate/REACHES/reaches_kriging_lme_grid_variance.csv; Output/Intermediate/REACHES/reaches_kriging_metadata.csv,Output/Intermediate/Assimilation/assimilated_posterior_lme_grid_mean.csv; Output/Intermediate/Assimilation/assimilated_posterior_lme_grid_variance.csv; Output/Intermediate/Assimilation/assimilated_posterior_lme_grid_diagnostics.csv; Output/Intermediate/Assimilation/assimilated_posterior_lme_grid_metadata.csv,grid_assimilation,intermediate,yes,yes,yes,Uses fixed spatial penalties lambda1=lambda3=1000 and lambda2=10^1.5.
M018,Figure S1: twelve functional-boxplot panels,Code/Supplementary/FigureS1.R,Output/Figure6/Figure6_cluster_assignments.csv; Output/Intermediate/REACHES/reaches_kriging_lme_grid_mean.csv; Output/Intermediate/LME/lme_ensemble_mean_1368_1911.csv; Output/Intermediate/Assimilation/assimilated_posterior_lme_grid_mean.csv,Output/Supplementary/FigureS1_panels/FigureS1_reaches_cluster_1.png; Output/Supplementary/FigureS1_panels/FigureS1_reaches_cluster_2.png; Output/Supplementary/FigureS1_panels/FigureS1_reaches_cluster_3.png; Output/Supplementary/FigureS1_panels/FigureS1_reaches_cluster_4.png; Output/Supplementary/FigureS1_panels/FigureS1_lme_cluster_1.png; Output/Supplementary/FigureS1_panels/FigureS1_lme_cluster_2.png; Output/Supplementary/FigureS1_panels/FigureS1_lme_cluster_3.png; Output/Supplementary/FigureS1_panels/FigureS1_lme_cluster_4.png; Output/Supplementary/FigureS1_panels/FigureS1_posterior_cluster_1.png; Output/Supplementary/FigureS1_panels/FigureS1_posterior_cluster_2.png; Output/Supplementary/FigureS1_panels/FigureS1_posterior_cluster_3.png; Output/Supplementary/FigureS1_panels/FigureS1_posterior_cluster_4.png; Output/Intermediate/FigureS1/FigureS1_cluster_assignments.csv; Output/Intermediate/FigureS1/FigureS1_diagnostics.csv; Output/Intermediate/FigureS1/FigureS1_panel_files.csv,figureS1,figure+manifest,yes,yes,yes,All twelve panels must reuse the Figure 6 four-cluster assignments.
M019,"Section 5.1, Table 2, and Table S2",Code/Analysis/coverage_population_GAM.R,Data/temperature index value.v1.xlsx; Output/Intermediate/LME/lme_annual_1368_1911.rds; historical population rasters,Output/Tables/Table2_coverage_GAM.csv; Output/Tables/Table2_Hgu_coefficient.csv; Output/Tables/TableS2_M4_parametric_coefficients.csv; Output/Tables/TableS2_M4_parametric_coefficients_formatted.csv,coverage_population,table+analysis,yes,yes,yes,Verify the ML/REML choice and update all Section 5.1 manuscript values.
M020,Section 5.2 internal validation,Code/Analysis/interval_compatibility.R,Data/temperature index value.v1.xlsx,Output/Validation/interval_compatibility_summary.csv; Output/Validation/interval_compatibility_summary_formatted.csv,internal_validation,table+analysis,yes,yes,yes,"Update compatibility, RPS, accuracy, and negative-log-score results in the manuscript."