city,long,lati,year,ensemble_mean_kelvin
HongKong,114.167,22.333,1368,295.864115819112
Shanghai,121.433,31.167,1368,289.9356403235954
Beijing,116.283,39.933,1368,280.2083714963653
HongKong,114.167,22.333,1369,295.657906442751
Shanghai,121.433,31.167,1369,289.8891822068084
Beijing,116.283,39.933,1369,280.2401770966047
HongKong,114.167,22.333,1370,295.4868927983375
Shanghai,121.433,31.167,1370,289.59375612788443
Beijing,116.283,39.933,1370,279.8101394541091
HongKong,114.167,22.333,1371,295.4327249373404
Shanghai,121.433,31.167,1371,289.43533561452864
Beijing,116.283,39.933,1371,279.88002350060356
HongKong,114.167,22.333,1372,295.75703868165965
Shanghai,121.433,31.167,1372,289.96423769602814
Beijing,116.283,39.933,1372,280.37659613541115
HongKong,114.167,22.333,1373,295.6190123119765
Shanghai,121.433,31.167,1373,289.59890363784757
Beijing,116.283,39.933,1373,280.00005633244416
HongKong,114.167,22.333,1374,295.6516531500849
Shanghai,121.433,31.167,1374,289.7815695665581
Beijing,116.283,39.933,1374,280.13293154400816
HongKong,114.167,22.333,1375,295.7646436891072
Shanghai,121.433,31.167,1375,289.94888494429233
Beijing,116.283,39.933,1375,280.3958183936546
HongKong,114.167,22.333,1376,295.6860159859871
Shanghai,121.433,31.167,1376,289.7199656684725
Beijing,116.283,39.933,1376,280.06623859782843
HongKong,114.167,22.333,1377,295.6558395171187
Shanghai,121.433,31.167,1377,289.59871363156265
Beijing,116.283,39.933,1377,280.16362499816347
HongKong,114.167,22.333,1378,295.6864503953883
Shanghai,121.433,31.167,1378,289.6965136060884
Beijing,116.283,39.933,1378,280.09652798222294
HongKong,114.167,22.333,1379,295.75749695837277
Shanghai,121.433,31.167,1379,289.7190776116606
Beijing,116.283,39.933,1379,280.0211330976395
HongKong,114.167,22.333,1380,295.80983287406366
Shanghai,121.433,31.167,1380,289.64925919171134
Beijing,116.283,39.933,1380,279.89866627901284
HongKong,114.167,22.333,1381,295.7887369537064
Shanghai,121.433,31.167,1381,289.82527168207946
Beijing,116.283,39.933,1381,280.19281123517476
HongKong,114.167,22.333,1382,295.7981201250286
Shanghai,121.433,31.167,1382,289.9264881451241
Beijing,116.283,39.933,1382,280.24909368317964
HongKong,114.167,22.333,1383,295.8365950995921
Shanghai,121.433,31.167,1383,289.9727710537189
Beijing,116.283,39.933,1383,280.2132613183562
HongKong,114.167,22.333,1384,295.8070409890197
Shanghai,121.433,31.167,1384,290.04751905441714
Beijing,116.283,39.933,1384,280.35948768669226
HongKong,114.167,22.333,1385,295.50211280990396
Shanghai,121.433,31.167,1385,289.6797650008593
Beijing,116.283,39.933,1385,279.97571765428904
HongKong,114.167,22.333,1386,295.5645034084598
Shanghai,121.433,31.167,1386,289.75456210632063
Beijing,116.283,39.933,1386,280.3219693028141
HongKong,114.167,22.333,1387,295.74584972460326
Shanghai,121.433,31.167,1387,290.1089470985205
Beijing,116.283,39.933,1387,280.3580968933291
HongKong,114.167,22.333,1388,295.77864373508703
Shanghai,121.433,31.167,1388,289.8936306390797
Beijing,116.283,39.933,1388,280.10734020383484
HongKong,114.167,22.333,1389,295.7171545969995
Shanghai,121.433,31.167,1389,289.9308159290428
Beijing,116.283,39.933,1389,279.94183520384536
HongKong,114.167,22.333,1390,295.54927917985657
Shanghai,121.433,31.167,1390,289.53917087371934
Beijing,116.283,39.933,1390,279.83886977699586
HongKong,114.167,22.333,1391,295.774415148549
Shanghai,121.433,31.167,1391,289.8825511447202
Beijing,116.283,39.933,1391,280.07944948117165
HongKong,114.167,22.333,1392,295.64337674392516
Shanghai,121.433,31.167,1392,289.70002196397695
Beijing,116.283,39.933,1392,280.14639353530134
HongKong,114.167,22.333,1393,295.7251859127661
Shanghai,121.433,31.167,1393,289.82672860793696
Beijing,116.283,39.933,1393,280.1865397902744
HongKong,114.167,22.333,1394,295.8102046162522
Shanghai,121.433,31.167,1394,289.88697173706015
Beijing,116.283,39.933,1394,280.0724289235501
HongKong,114.167,22.333,1395,295.63087243133026
Shanghai,121.433,31.167,1395,289.66456612262755
Beijing,116.283,39.933,1395,280.01718039350885
HongKong,114.167,22.333,1396,295.6990900711303
Shanghai,121.433,31.167,1396,289.49904920264527
Beijing,116.283,39.933,1396,279.82883775699224
HongKong,114.167,22.333,1397,295.6500361012166
Shanghai,121.433,31.167,1397,289.62561304707043
Beijing,116.283,39.933,1397,280.124187327241
HongKong,114.167,22.333,1398,295.80773174693957
Shanghai,121.433,31.167,1398,289.698814639435
Beijing,116.283,39.933,1398,279.69365447588206
HongKong,114.167,22.333,1399,295.66201805042186
Shanghai,121.433,31.167,1399,289.745594061264
Beijing,116.283,39.933,1399,280.0692563512839
HongKong,114.167,22.333,1400,295.5975699298548
Shanghai,121.433,31.167,1400,289.6555151709247
Beijing,116.283,39.933,1400,280.0479006320748
HongKong,114.167,22.333,1401,295.72733406587713
Shanghai,121.433,31.167,1401,289.56732282310253
Beijing,116.283,39.933,1401,279.90645081520603
HongKong,114.167,22.333,1402,295.70830077840316
Shanghai,121.433,31.167,1402,289.6921103385083
Beijing,116.283,39.933,1402,280.1571051386084
HongKong,114.167,22.333,1403,295.75718701498926
Shanghai,121.433,31.167,1403,289.87189018539806
Beijing,116.283,39.933,1403,280.30163513501293
HongKong,114.167,22.333,1404,295.6477024554806
Shanghai,121.433,31.167,1404,289.7292799233177
Beijing,116.283,39.933,1404,280.2038107173997
HongKong,114.167,22.333,1405,295.72430109970156
Shanghai,121.433,31.167,1405,289.97819204892477
Beijing,116.283,39.933,1405,280.14612513661797
HongKong,114.167,22.333,1406,295.6699351547863
Shanghai,121.433,31.167,1406,289.5197830099352
Beijing,116.283,39.933,1406,280.0278438189372
HongKong,114.167,22.333,1407,295.7743983081386
Shanghai,121.433,31.167,1407,289.55792053067574
Beijing,116.283,39.933,1407,280.0677693932177
HongKong,114.167,22.333,1408,295.94190438386073
Shanghai,121.433,31.167,1408,289.8790193988285
Beijing,116.283,39.933,1408,280.262393560588
HongKong,114.167,22.333,1409,295.76802216861074
Shanghai,121.433,31.167,1409,290.0456879136585
Beijing,116.283,39.933,1409,280.2329278004664
HongKong,114.167,22.333,1410,295.5885841457318
Shanghai,121.433,31.167,1410,289.7080882603288
Beijing,116.283,39.933,1410,280.18209496356855
HongKong,114.167,22.333,1411,295.67239433345657
Shanghai,121.433,31.167,1411,289.74424294683956
Beijing,116.283,39.933,1411,280.09422250587767
HongKong,114.167,22.333,1412,295.72417093930636
Shanghai,121.433,31.167,1412,289.73309076134217
Beijing,116.283,39.933,1412,279.9814833707609
HongKong,114.167,22.333,1413,295.7324594737517
Shanghai,121.433,31.167,1413,289.6745408236733
Beijing,116.283,39.933,1413,280.1120390181942
HongKong,114.167,22.333,1414,295.6374411310514
Shanghai,121.433,31.167,1414,289.6340632624031
Beijing,116.283,39.933,1414,280.15054688185666
HongKong,114.167,22.333,1415,295.74283997783147
Shanghai,121.433,31.167,1415,289.8752186064364
Beijing,116.283,39.933,1415,280.2051827518061
HongKong,114.167,22.333,1416,295.80437588469766
Shanghai,121.433,31.167,1416,289.8944902961855
Beijing,116.283,39.933,1416,280.0055247696297
HongKong,114.167,22.333,1417,295.7286032332683
Shanghai,121.433,31.167,1417,289.7004019487897
Beijing,116.283,39.933,1417,279.8903932546007
HongKong,114.167,22.333,1418,295.5440319042748
Shanghai,121.433,31.167,1418,289.37139315745134
Beijing,116.283,39.933,1418,279.7408115224476
HongKong,114.167,22.333,1419,295.58172120091314
Shanghai,121.433,31.167,1419,289.63049245274004
Beijing,116.283,39.933,1419,280.1186373381676
HongKong,114.167,22.333,1420,295.77321315212674
Shanghai,121.433,31.167,1420,289.6387351436546
Beijing,116.283,39.933,1420,279.9087298360433
HongKong,114.167,22.333,1421,295.6116584384064
Shanghai,121.433,31.167,1421,289.7239375552673
Beijing,116.283,39.933,1421,280.16743540030717
HongKong,114.167,22.333,1422,295.71503147054716
Shanghai,121.433,31.167,1422,289.87382748106654
Beijing,116.283,39.933,1422,280.25884074977114
HongKong,114.167,22.333,1423,295.63708980846593
Shanghai,121.433,31.167,1423,289.6694787956454
Beijing,116.283,39.933,1423,279.85217837332
HongKong,114.167,22.333,1424,295.6434240672133
Shanghai,121.433,31.167,1424,289.7760597415816
Beijing,116.283,39.933,1424,280.2398720933677
HongKong,114.167,22.333,1425,295.8254954523112
Shanghai,121.433,31.167,1425,289.8987567653549
Beijing,116.283,39.933,1425,279.9842243350412
HongKong,114.167,22.333,1426,295.80795575838766
Shanghai,121.433,31.167,1426,289.6436225854931
Beijing,116.283,39.933,1426,279.83791148892084
HongKong,114.167,22.333,1427,295.5818792219953
Shanghai,121.433,31.167,1427,289.5239882655051
Beijing,116.283,39.933,1427,280.0164842978076
HongKong,114.167,22.333,1428,295.51941866489835
Shanghai,121.433,31.167,1428,289.6164171517262
Beijing,116.283,39.933,1428,280.1035526423545
HongKong,114.167,22.333,1429,295.61082934472097
Shanghai,121.433,31.167,1429,289.5626418120944
Beijing,116.283,39.933,1429,280.0041923824742
HongKong,114.167,22.333,1430,295.7465858886344
Shanghai,121.433,31.167,1430,289.7550687335628
Beijing,116.283,39.933,1430,280.2732993356697
HongKong,114.167,22.333,1431,295.82727670022746
Shanghai,121.433,31.167,1431,289.9762669031364
Beijing,116.283,39.933,1431,280.2565177020816
HongKong,114.167,22.333,1432,295.7383114169678
Shanghai,121.433,31.167,1432,289.77781084245424
Beijing,116.283,39.933,1432,279.9498117398204
HongKong,114.167,22.333,1433,295.6185169194603
Shanghai,121.433,31.167,1433,289.7798286347196
Beijing,116.283,39.933,1433,280.0999335885315
HongKong,114.167,22.333,1434,295.57143938940084
Shanghai,121.433,31.167,1434,289.6282416556247
Beijing,116.283,39.933,1434,279.97046278546935
HongKong,114.167,22.333,1435,295.5876688236265
Shanghai,121.433,31.167,1435,289.5567233673372
Beijing,116.283,39.933,1435,279.9050723865473
HongKong,114.167,22.333,1436,295.717644267021
Shanghai,121.433,31.167,1436,289.6447959605298
Beijing,116.283,39.933,1436,279.9576768744082
HongKong,114.167,22.333,1437,295.70838974321777
Shanghai,121.433,31.167,1437,289.72041627546525
Beijing,116.283,39.933,1437,280.212801481766
HongKong,114.167,22.333,1438,295.75996755702255
Shanghai,121.433,31.167,1438,289.90487699332874
Beijing,116.283,39.933,1438,280.21370529306125
HongKong,114.167,22.333,1439,295.6643433163454
Shanghai,121.433,31.167,1439,289.7357225481297
Beijing,116.283,39.933,1439,280.207409329897
HongKong,114.167,22.333,1440,295.58878738912364
Shanghai,121.433,31.167,1440,289.6673425630911
Beijing,116.283,39.933,1440,279.9911928428174
HongKong,114.167,22.333,1441,295.5438827430538
Shanghai,121.433,31.167,1441,289.64454484716316
Beijing,116.283,39.933,1441,280.16953701678614
HongKong,114.167,22.333,1442,295.7594109348992
Shanghai,121.433,31.167,1442,289.6569737318226
Beijing,116.283,39.933,1442,280.0483299056328
HongKong,114.167,22.333,1443,295.6640630847539
Shanghai,121.433,31.167,1443,289.5656394567089
Beijing,116.283,39.933,1443,279.81642956589644
HongKong,114.167,22.333,1444,295.7567148859302
Shanghai,121.433,31.167,1444,289.7979647889422
Beijing,116.283,39.933,1444,280.10784765900706
HongKong,114.167,22.333,1445,295.6858360722896
Shanghai,121.433,31.167,1445,289.85617632351034
Beijing,116.283,39.933,1445,280.19452577655636
HongKong,114.167,22.333,1446,295.79268371424683
Shanghai,121.433,31.167,1446,289.95344861401526
Beijing,116.283,39.933,1446,280.1452808152279
HongKong,114.167,22.333,1447,295.67669511419626
Shanghai,121.433,31.167,1447,289.60689993975467
Beijing,116.283,39.933,1447,279.9649700069984
HongKong,114.167,22.333,1448,295.65833679804734
Shanghai,121.433,31.167,1448,289.5196408003876
Beijing,116.283,39.933,1448,280.04368727459524
HongKong,114.167,22.333,1449,295.66670020706437
Shanghai,121.433,31.167,1449,289.71762153515635
Beijing,116.283,39.933,1449,280.1985411190773
HongKong,114.167,22.333,1450,295.7809190769196
Shanghai,121.433,31.167,1450,289.8394386086014
Beijing,116.283,39.933,1450,280.19223425387844
HongKong,114.167,22.333,1451,295.71427814092783
Shanghai,121.433,31.167,1451,289.832960129889
Beijing,116.283,39.933,1451,280.2187773646412
HongKong,114.167,22.333,1452,295.10573010350913
Shanghai,121.433,31.167,1452,289.02909481671287
Beijing,116.283,39.933,1452,279.45521096101305
HongKong,114.167,22.333,1453,294.487117954315
Shanghai,121.433,31.167,1453,288.4971207278633
Beijing,116.283,39.933,1453,279.1528981348302
HongKong,114.167,22.333,1454,295.4099099777716
Shanghai,121.433,31.167,1454,289.2898476100935
Beijing,116.283,39.933,1454,279.47188234239263
HongKong,114.167,22.333,1455,295.4958639777169
Shanghai,121.433,31.167,1455,289.4420250460606
Beijing,116.283,39.933,1455,279.79164529093583
HongKong,114.167,22.333,1456,295.4136743844821
Shanghai,121.433,31.167,1456,289.47621469230717
Beijing,116.283,39.933,1456,279.77165250287436
HongKong,114.167,22.333,1457,295.47696688991624
Shanghai,121.433,31.167,1457,289.87301300123653
Beijing,116.283,39.933,1457,280.23050166319064
HongKong,114.167,22.333,1458,295.4324649935356
Shanghai,121.433,31.167,1458,289.46660525912114
Beijing,116.283,39.933,1458,280.03000543549405
HongKong,114.167,22.333,1459,295.13910129186667
Shanghai,121.433,31.167,1459,288.8663066234633
Beijing,116.283,39.933,1459,279.1525121051002
HongKong,114.167,22.333,1460,295.2645833822953
Shanghai,121.433,31.167,1460,288.6357474938783
Beijing,116.283,39.933,1460,279.07986515945015
HongKong,114.167,22.333,1461,295.43911942587926
Shanghai,121.433,31.167,1461,289.219026417747
Beijing,116.283,39.933,1461,279.67063133520804
HongKong,114.167,22.333,1462,295.6258407253153
Shanghai,121.433,31.167,1462,289.4303467294225
Beijing,116.283,39.933,1462,279.7832372707717
HongKong,114.167,22.333,1463,295.65303669621136
Shanghai,121.433,31.167,1463,289.4737275004196
Beijing,116.283,39.933,1463,279.9930612686541
HongKong,114.167,22.333,1464,295.7266707104373
Shanghai,121.433,31.167,1464,289.56352884902486
Beijing,116.283,39.933,1464,279.94623955324164
HongKong,114.167,22.333,1465,295.52061386463924
Shanghai,121.433,31.167,1465,289.6871000052889
Beijing,116.283,39.933,1465,280.06738675256554
HongKong,114.167,22.333,1466,295.6175735074987
Shanghai,121.433,31.167,1466,289.7410792323015
Beijing,116.283,39.933,1466,280.07313254438765
HongKong,114.167,22.333,1467,295.5392593625741
Shanghai,121.433,31.167,1467,289.5071309431743
Beijing,116.283,39.933,1467,279.9545864956398
HongKong,114.167,22.333,1468,295.74927732642243
Shanghai,121.433,31.167,1468,289.91581912206516
Beijing,116.283,39.933,1468,280.0628988039729
HongKong,114.167,22.333,1469,295.719629809867
Shanghai,121.433,31.167,1469,289.8055501071291
Beijing,116.283,39.933,1469,280.30683370042306
HongKong,114.167,22.333,1470,295.5948819106854
Shanghai,121.433,31.167,1470,289.7097675472394
Beijing,116.283,39.933,1470,280.0283264221281
HongKong,114.167,22.333,1471,295.70661502131776
Shanghai,121.433,31.167,1471,289.68106143385245
Beijing,116.283,39.933,1471,279.8831909409671
HongKong,114.167,22.333,1472,295.6026397642774
Shanghai,121.433,31.167,1472,289.7394673692902
Beijing,116.283,39.933,1472,280.01929983751046
HongKong,114.167,22.333,1473,295.5360380509343
Shanghai,121.433,31.167,1473,289.51836250828956
Beijing,116.283,39.933,1473,280.0172587655917
HongKong,114.167,22.333,1474,295.5001023109338
Shanghai,121.433,31.167,1474,289.7155328191502
Beijing,116.283,39.933,1474,280.0388132751366
HongKong,114.167,22.333,1475,295.74749659839557
Shanghai,121.433,31.167,1475,289.94188900489615
Beijing,116.283,39.933,1475,280.0615730416751
HongKong,114.167,22.333,1476,295.5003395796046
Shanghai,121.433,31.167,1476,289.5679377164994
Beijing,116.283,39.933,1476,279.78682487480336
HongKong,114.167,22.333,1477,295.3937493020886
Shanghai,121.433,31.167,1477,289.2451387062564
Beijing,116.283,39.933,1477,279.52907475382545
HongKong,114.167,22.333,1478,295.5625630976081
Shanghai,121.433,31.167,1478,289.63114402819195
Beijing,116.283,39.933,1478,279.9411435110761
HongKong,114.167,22.333,1479,295.5086324894906
Shanghai,121.433,31.167,1479,289.6939679519661
Beijing,116.283,39.933,1479,279.91438125300846
HongKong,114.167,22.333,1480,295.47230581086916
Shanghai,121.433,31.167,1480,289.46102858254693
Beijing,116.283,39.933,1480,279.7183939529556
HongKong,114.167,22.333,1481,295.53442282110166
Shanghai,121.433,31.167,1481,289.49415756240415
Beijing,116.283,39.933,1481,279.8763125102522
HongKong,114.167,22.333,1482,295.6086642585775
Shanghai,121.433,31.167,1482,289.431877154856
Beijing,116.283,39.933,1482,279.85565796656545
HongKong,114.167,22.333,1483,295.5710432574168
Shanghai,121.433,31.167,1483,289.4370537279963
Beijing,116.283,39.933,1483,279.7945986824574
HongKong,114.167,22.333,1484,295.68135565919994
Shanghai,121.433,31.167,1484,289.7596635445754
Beijing,116.283,39.933,1484,280.01329948802555
HongKong,114.167,22.333,1485,295.6002278542827
Shanghai,121.433,31.167,1485,289.5919939183954
Beijing,116.283,39.933,1485,280.01313057996765
HongKong,114.167,22.333,1486,295.71575523396643
Shanghai,121.433,31.167,1486,289.68879884231376
Beijing,116.283,39.933,1486,280.0871384363203
HongKong,114.167,22.333,1487,295.6427820119521
Shanghai,121.433,31.167,1487,289.6733231929614
Beijing,116.283,39.933,1487,280.0218716187133
HongKong,114.167,22.333,1488,295.5070828015531
Shanghai,121.433,31.167,1488,289.7321315139716
Beijing,116.283,39.933,1488,280.276079388098
HongKong,114.167,22.333,1489,295.54944682586137
Shanghai,121.433,31.167,1489,289.55535845679367
Beijing,116.283,39.933,1489,279.98904728027077
HongKong,114.167,22.333,1490,295.6528402958124
Shanghai,121.433,31.167,1490,289.5808659354739
Beijing,116.283,39.933,1490,280.1636567232653
HongKong,114.167,22.333,1491,295.7976155307773
Shanghai,121.433,31.167,1491,289.8703421110796
Beijing,116.283,39.933,1491,280.2366790091657
HongKong,114.167,22.333,1492,295.6599326436948
Shanghai,121.433,31.167,1492,289.96342269324265
Beijing,116.283,39.933,1492,280.0944900757026
HongKong,114.167,22.333,1493,295.60509699370107
Shanghai,121.433,31.167,1493,289.7384750942722
Beijing,116.283,39.933,1493,280.14852959458864
HongKong,114.167,22.333,1494,295.82396393758876
Shanghai,121.433,31.167,1494,289.70122915371127
Beijing,116.283,39.933,1494,279.92203771243237
HongKong,114.167,22.333,1495,295.7542106102777
Shanghai,121.433,31.167,1495,289.8256369178001
Beijing,116.283,39.933,1495,280.35687168784415
HongKong,114.167,22.333,1496,295.6891478557329
Shanghai,121.433,31.167,1496,289.8142880022443
Beijing,116.283,39.933,1496,280.032677298739
HongKong,114.167,22.333,1497,295.5582385148499
Shanghai,121.433,31.167,1497,289.70689079974255
Beijing,116.283,39.933,1497,280.16877640668895
HongKong,114.167,22.333,1498,295.7219634311043
Shanghai,121.433,31.167,1498,289.8555334916995
Beijing,116.283,39.933,1498,280.16019786237393
HongKong,114.167,22.333,1499,295.8492501047084
Shanghai,121.433,31.167,1499,289.9178688232482
Beijing,116.283,39.933,1499,279.88779512403596
HongKong,114.167,22.333,1500,295.6310707445107
Shanghai,121.433,31.167,1500,289.5229261433502
Beijing,116.283,39.933,1500,280.10849226185417
HongKong,114.167,22.333,1501,295.61538619558235
Shanghai,121.433,31.167,1501,289.63774279746997
Beijing,116.283,39.933,1501,280.0647922861536
HongKong,114.167,22.333,1502,295.63940940765957
Shanghai,121.433,31.167,1502,289.6475735321526
Beijing,116.283,39.933,1502,280.1444086571132
HongKong,114.167,22.333,1503,295.55939458757774
Shanghai,121.433,31.167,1503,289.46157407444275
Beijing,116.283,39.933,1503,279.998897820432
HongKong,114.167,22.333,1504,295.6573626961393
Shanghai,121.433,31.167,1504,289.69148865973193
Beijing,116.283,39.933,1504,280.1073616361536
HongKong,114.167,22.333,1505,295.6041920789676
Shanghai,121.433,31.167,1505,289.5086855793446
Beijing,116.283,39.933,1505,280.00957427841644
HongKong,114.167,22.333,1506,295.599365234581
Shanghai,121.433,31.167,1506,289.7185843665772
Beijing,116.283,39.933,1506,280.0967732915585
HongKong,114.167,22.333,1507,295.84120029004595
Shanghai,121.433,31.167,1507,290.04015725379617
Beijing,116.283,39.933,1507,280.0607551036023
HongKong,114.167,22.333,1508,295.83552355860144
Shanghai,121.433,31.167,1508,290.0502254244467
Beijing,116.283,39.933,1508,280.13693942880946
HongKong,114.167,22.333,1509,295.5579885597315
Shanghai,121.433,31.167,1509,289.6080234932908
Beijing,116.283,39.933,1509,279.9389660202998
HongKong,114.167,22.333,1510,295.6010231624315
Shanghai,121.433,31.167,1510,289.5826377222068
Beijing,116.283,39.933,1510,280.03398127667003
HongKong,114.167,22.333,1511,295.5052612355413
Shanghai,121.433,31.167,1511,289.51888222726063
Beijing,116.283,39.933,1511,280.0039550858412
HongKong,114.167,22.333,1512,295.56895734984
Shanghai,121.433,31.167,1512,289.62771785102706
Beijing,116.283,39.933,1512,280.0878879078352
HongKong,114.167,22.333,1513,295.68946279018286
Shanghai,121.433,31.167,1513,289.68056517307906
Beijing,116.283,39.933,1513,279.8702934098598
HongKong,114.167,22.333,1514,295.6262724815478
Shanghai,121.433,31.167,1514,289.57991977125135
Beijing,116.283,39.933,1514,279.801564810615
HongKong,114.167,22.333,1515,295.6673530400015
Shanghai,121.433,31.167,1515,289.69976319387
Beijing,116.283,39.933,1515,280.18023979991517
HongKong,114.167,22.333,1516,295.66566581652097
Shanghai,121.433,31.167,1516,289.8349837303032
Beijing,116.283,39.933,1516,280.23366445514256
HongKong,114.167,22.333,1517,295.6526959818441
Shanghai,121.433,31.167,1517,289.57315471910016
Beijing,116.283,39.933,1517,279.86520092354544
HongKong,114.167,22.333,1518,295.77003152495945
Shanghai,121.433,31.167,1518,289.70713655652065
Beijing,116.283,39.933,1518,279.97806146755323
HongKong,114.167,22.333,1519,295.64827854081483
Shanghai,121.433,31.167,1519,289.6724650330547
Beijing,116.283,39.933,1519,280.1841801801331
HongKong,114.167,22.333,1520,295.78474420691055
Shanghai,121.433,31.167,1520,289.7032176716139
Beijing,116.283,39.933,1520,280.1626434695289
HongKong,114.167,22.333,1521,295.6126159637581
Shanghai,121.433,31.167,1521,289.75872885226323
Beijing,116.283,39.933,1521,280.1398915588545
HongKong,114.167,22.333,1522,295.87847633024046
Shanghai,121.433,31.167,1522,289.81121202282185
Beijing,116.283,39.933,1522,280.1743552040545
HongKong,114.167,22.333,1523,295.7225640241543
Shanghai,121.433,31.167,1523,289.82330780454777
Beijing,116.283,39.933,1523,280.20224309632476
HongKong,114.167,22.333,1524,295.6517451970187
Shanghai,121.433,31.167,1524,289.6705126529941
Beijing,116.283,39.933,1524,280.1240483551099
HongKong,114.167,22.333,1525,295.5631238967183
Shanghai,121.433,31.167,1525,289.6666896517416
Beijing,116.283,39.933,1525,279.9686340883709
HongKong,114.167,22.333,1526,295.6547680473561
Shanghai,121.433,31.167,1526,289.7906823213277
Beijing,116.283,39.933,1526,280.2033257709408
HongKong,114.167,22.333,1527,295.5573442534604
Shanghai,121.433,31.167,1527,289.4710599368269
Beijing,116.283,39.933,1527,279.7659313262196
HongKong,114.167,22.333,1528,295.58619902175883
Shanghai,121.433,31.167,1528,289.77021681841296
Beijing,116.283,39.933,1528,280.1145462292149
HongKong,114.167,22.333,1529,295.7838502979495
Shanghai,121.433,31.167,1529,289.7793598517448
Beijing,116.283,39.933,1529,279.8741237460723
HongKong,114.167,22.333,1530,295.67720958933495
Shanghai,121.433,31.167,1530,289.53649471898933
Beijing,116.283,39.933,1530,279.96557646798584
HongKong,114.167,22.333,1531,295.66310558306
Shanghai,121.433,31.167,1531,289.8123641697542
Beijing,116.283,39.933,1531,280.04463969044645
HongKong,114.167,22.333,1532,295.7335231578663
Shanghai,121.433,31.167,1532,289.7363939893791
Beijing,116.283,39.933,1532,280.1642951116777
HongKong,114.167,22.333,1533,295.65755292428395
Shanghai,121.433,31.167,1533,289.6965120205043
Beijing,116.283,39.933,1533,280.1610370860441
HongKong,114.167,22.333,1534,295.75819371080235
Shanghai,121.433,31.167,1534,289.84230825796266
Beijing,116.283,39.933,1534,280.1826877589487
HongKong,114.167,22.333,1535,295.51388586920046
Shanghai,121.433,31.167,1535,289.85857128595967
Beijing,116.283,39.933,1535,280.4774744799075
HongKong,114.167,22.333,1536,295.7002313995305
Shanghai,121.433,31.167,1536,289.9288062704258
Beijing,116.283,39.933,1536,280.10450974712865
HongKong,114.167,22.333,1537,295.6169667675902
Shanghai,121.433,31.167,1537,289.86216460376687
Beijing,116.283,39.933,1537,280.16526168177325
HongKong,114.167,22.333,1538,295.7764499317013
Shanghai,121.433,31.167,1538,289.89804192642356
Beijing,116.283,39.933,1538,280.0579836998045
HongKong,114.167,22.333,1539,295.8383200509741
Shanghai,121.433,31.167,1539,289.7512959712584
Beijing,116.283,39.933,1539,279.94247227974523
HongKong,114.167,22.333,1540,295.7003981541231
Shanghai,121.433,31.167,1540,289.4764348969904
Beijing,116.283,39.933,1540,279.8122740930718
HongKong,114.167,22.333,1541,295.6786233902194
Shanghai,121.433,31.167,1541,289.72599587509563
Beijing,116.283,39.933,1541,280.2015340364942
HongKong,114.167,22.333,1542,295.5691672759504
Shanghai,121.433,31.167,1542,289.64207767072224
Beijing,116.283,39.933,1542,280.00629061458193
HongKong,114.167,22.333,1543,295.6028553865961
Shanghai,121.433,31.167,1543,289.56588114734143
Beijing,116.283,39.933,1543,279.9860300505808
HongKong,114.167,22.333,1544,295.88197872953725
Shanghai,121.433,31.167,1544,289.7847031772056
Beijing,116.283,39.933,1544,280.12817555232
HongKong,114.167,22.333,1545,295.84192835422544
Shanghai,121.433,31.167,1545,289.85220314850164
Beijing,116.283,39.933,1545,280.2052277608964
HongKong,114.167,22.333,1546,295.63618909407984
Shanghai,121.433,31.167,1546,289.80851956607404
Beijing,116.283,39.933,1546,280.15702765124473
HongKong,114.167,22.333,1547,295.5029319296404
Shanghai,121.433,31.167,1547,289.81133749824676
Beijing,116.283,39.933,1547,280.2497913843515
HongKong,114.167,22.333,1548,295.52896641612983
Shanghai,121.433,31.167,1548,289.65995446742545
Beijing,116.283,39.933,1548,280.0727078896955
HongKong,114.167,22.333,1549,295.6876380319435
Shanghai,121.433,31.167,1549,289.7757999494174
Beijing,116.283,39.933,1549,280.170346060819
HongKong,114.167,22.333,1550,295.8752934573568
Shanghai,121.433,31.167,1550,289.9511336068488
Beijing,116.283,39.933,1550,280.3194149630599
HongKong,114.167,22.333,1551,295.81755847991974
Shanghai,121.433,31.167,1551,289.8029246665198
Beijing,116.283,39.933,1551,280.2792675400284
HongKong,114.167,22.333,1552,295.6603264724793
Shanghai,121.433,31.167,1552,289.8192576829141
Beijing,116.283,39.933,1552,280.26924191719485
HongKong,114.167,22.333,1553,295.5748628360413
Shanghai,121.433,31.167,1553,289.6789455695343
Beijing,116.283,39.933,1553,280.2419874168375
HongKong,114.167,22.333,1554,295.8084229890757
Shanghai,121.433,31.167,1554,289.72620240549253
Beijing,116.283,39.933,1554,280.0530654146506
HongKong,114.167,22.333,1555,295.75952711195976
Shanghai,121.433,31.167,1555,289.6518174977753
Beijing,116.283,39.933,1555,279.9184014406639
HongKong,114.167,22.333,1556,295.59836221271314
Shanghai,121.433,31.167,1556,289.60776715113883
Beijing,116.283,39.933,1556,279.97187462772507
HongKong,114.167,22.333,1557,295.8033544407692
Shanghai,121.433,31.167,1557,289.72842831566203
Beijing,116.283,39.933,1557,280.1392268250604
HongKong,114.167,22.333,1558,295.8419065834526
Shanghai,121.433,31.167,1558,289.7733195610072
Beijing,116.283,39.933,1558,279.9491484568663
HongKong,114.167,22.333,1559,295.6438566483884
Shanghai,121.433,31.167,1559,289.7154991490992
Beijing,116.283,39.933,1559,280.06497642028324
HongKong,114.167,22.333,1560,295.62484663401693
Shanghai,121.433,31.167,1560,289.6614165782581
Beijing,116.283,39.933,1560,279.96265022665307
HongKong,114.167,22.333,1561,295.59169273327944
Shanghai,121.433,31.167,1561,289.64218832455714
Beijing,116.283,39.933,1561,280.1261874986202
HongKong,114.167,22.333,1562,295.6712407602205
Shanghai,121.433,31.167,1562,290.17098051485596
Beijing,116.283,39.933,1562,280.5121624565677
HongKong,114.167,22.333,1563,295.7700125370883
Shanghai,121.433,31.167,1563,290.0076934110347
Beijing,116.283,39.933,1563,280.26588083965686
HongKong,114.167,22.333,1564,295.731156877229
Shanghai,121.433,31.167,1564,289.77135900200796
Beijing,116.283,39.933,1564,279.7650787353028
HongKong,114.167,22.333,1565,295.59536009406816
Shanghai,121.433,31.167,1565,289.7805068078408
Beijing,116.283,39.933,1565,280.2339209721691
HongKong,114.167,22.333,1566,295.56882388798414
Shanghai,121.433,31.167,1566,289.52509360226446
Beijing,116.283,39.933,1566,279.9714726191318
HongKong,114.167,22.333,1567,295.6682622880695
Shanghai,121.433,31.167,1567,289.35586063352804
Beijing,116.283,39.933,1567,279.77634250586937
HongKong,114.167,22.333,1568,295.698103837969
Shanghai,121.433,31.167,1568,289.68616303964643
Beijing,116.283,39.933,1568,280.05444533515214
HongKong,114.167,22.333,1569,295.61894631410496
Shanghai,121.433,31.167,1569,289.6596297861142
Beijing,116.283,39.933,1569,280.2297638963376
HongKong,114.167,22.333,1570,295.6185032005589
Shanghai,121.433,31.167,1570,289.49665713799305
Beijing,116.283,39.933,1570,279.94944151588936
HongKong,114.167,22.333,1571,295.7066235378039
Shanghai,121.433,31.167,1571,289.7100169684219
Beijing,116.283,39.933,1571,280.0499147311647
HongKong,114.167,22.333,1572,295.86922449885043
Shanghai,121.433,31.167,1572,289.8562387431776
Beijing,116.283,39.933,1572,280.33309717869696
HongKong,114.167,22.333,1573,295.84554881288824
Shanghai,121.433,31.167,1573,289.68106842868684
Beijing,116.283,39.933,1573,279.83141642948124
HongKong,114.167,22.333,1574,295.56074838915544
Shanghai,121.433,31.167,1574,289.7122643065593
Beijing,116.283,39.933,1574,280.1036397563042
HongKong,114.167,22.333,1575,295.4232389935345
Shanghai,121.433,31.167,1575,289.5769598668429
Beijing,116.283,39.933,1575,280.0585705802116
HongKong,114.167,22.333,1576,295.653085507662
Shanghai,121.433,31.167,1576,289.740687166153
Beijing,116.283,39.933,1576,280.08884155902643
HongKong,114.167,22.333,1577,295.8540292566786
Shanghai,121.433,31.167,1577,289.74424605632134
Beijing,116.283,39.933,1577,279.92281764611386
HongKong,114.167,22.333,1578,295.84440690513156
Shanghai,121.433,31.167,1578,289.6508635136546
Beijing,116.283,39.933,1578,279.9981274152906
HongKong,114.167,22.333,1579,295.4218406562839
Shanghai,121.433,31.167,1579,289.6140823413121
Beijing,116.283,39.933,1579,279.94741030263316
HongKong,114.167,22.333,1580,295.5262924898495
Shanghai,121.433,31.167,1580,289.5475695125715
Beijing,116.283,39.933,1580,280.0753669547003
HongKong,114.167,22.333,1581,295.729067676046
Shanghai,121.433,31.167,1581,289.5499715436985
Beijing,116.283,39.933,1581,279.94865738948033
HongKong,114.167,22.333,1582,295.83287707317436
Shanghai,121.433,31.167,1582,289.80449468520044
Beijing,116.283,39.933,1582,280.2522964756501
HongKong,114.167,22.333,1583,295.5946718924033
Shanghai,121.433,31.167,1583,289.8114914881052
Beijing,116.283,39.933,1583,280.1361957426043
HongKong,114.167,22.333,1584,295.1934319566872
Shanghai,121.433,31.167,1584,289.19171778725917
Beijing,116.283,39.933,1584,279.51263392582536
HongKong,114.167,22.333,1585,295.2643550899677
Shanghai,121.433,31.167,1585,288.81486200353555
Beijing,116.283,39.933,1585,279.0368605676198
HongKong,114.167,22.333,1586,295.41719227805487
Shanghai,121.433,31.167,1586,289.0164985423385
Beijing,116.283,39.933,1586,279.49318599513094
HongKong,114.167,22.333,1587,295.679725550641
Shanghai,121.433,31.167,1587,289.57796475047877
Beijing,116.283,39.933,1587,279.93513172857155
HongKong,114.167,22.333,1588,295.67594007847003
Shanghai,121.433,31.167,1588,289.4049010760164
Beijing,116.283,39.933,1588,279.95570342077855
HongKong,114.167,22.333,1589,295.7426770025142
Shanghai,121.433,31.167,1589,289.6346869357983
Beijing,116.283,39.933,1589,279.9777846487704
HongKong,114.167,22.333,1590,295.6391107963759
Shanghai,121.433,31.167,1590,289.4919535294821
Beijing,116.283,39.933,1590,279.88230382701414
HongKong,114.167,22.333,1591,295.56328716129997
Shanghai,121.433,31.167,1591,289.5836098187442
Beijing,116.283,39.933,1591,280.15291594560966
HongKong,114.167,22.333,1592,295.51209044833575
Shanghai,121.433,31.167,1592,289.6069976967591
Beijing,116.283,39.933,1592,279.8211687534767
HongKong,114.167,22.333,1593,295.66182393777854
Shanghai,121.433,31.167,1593,289.65005671401263
Beijing,116.283,39.933,1593,279.94884045139054
HongKong,114.167,22.333,1594,295.69667663762056
Shanghai,121.433,31.167,1594,289.72128393222863
Beijing,116.283,39.933,1594,279.8688217559159
HongKong,114.167,22.333,1595,295.63482096669054
Shanghai,121.433,31.167,1595,289.61606039879433
Beijing,116.283,39.933,1595,279.8302447967677
HongKong,114.167,22.333,1596,295.6251049352713
Shanghai,121.433,31.167,1596,289.67699450059314
Beijing,116.283,39.933,1596,280.1176331192765
HongKong,114.167,22.333,1597,295.659322420434
Shanghai,121.433,31.167,1597,289.83265248380127
Beijing,116.283,39.933,1597,280.1138666310158
HongKong,114.167,22.333,1598,295.68164742049936
Shanghai,121.433,31.167,1598,289.7617119830221
Beijing,116.283,39.933,1598,280.1465889434745
HongKong,114.167,22.333,1599,295.5245804257417
Shanghai,121.433,31.167,1599,289.51506341891667
Beijing,116.283,39.933,1599,280.0620729813381
HongKong,114.167,22.333,1600,294.7468756253506
Shanghai,121.433,31.167,1600,288.5116228284656
Beijing,116.283,39.933,1600,278.91602430495107
HongKong,114.167,22.333,1601,294.94903098115776
Shanghai,121.433,31.167,1601,288.5138985497481
Beijing,116.283,39.933,1601,278.7121816164063
HongKong,114.167,22.333,1602,295.5224860080063
Shanghai,121.433,31.167,1602,289.2498460526926
Beijing,116.283,39.933,1602,279.24038283204396
HongKong,114.167,22.333,1603,295.5080387722419
Shanghai,121.433,31.167,1603,289.48165425724494
Beijing,116.283,39.933,1603,280.0035232975094
HongKong,114.167,22.333,1604,295.4010638722501
Shanghai,121.433,31.167,1604,289.58887832831147
Beijing,116.283,39.933,1604,279.98308751823635
HongKong,114.167,22.333,1605,295.32634901436626
Shanghai,121.433,31.167,1605,289.2695171773157
Beijing,116.283,39.933,1605,279.7570752533245
HongKong,114.167,22.333,1606,295.54594681829747
Shanghai,121.433,31.167,1606,289.47210736977695
Beijing,116.283,39.933,1606,279.85888690366306
HongKong,114.167,22.333,1607,295.64446175152347
Shanghai,121.433,31.167,1607,289.5953605496042
Beijing,116.283,39.933,1607,279.86387914442525
HongKong,114.167,22.333,1608,295.66771363253287
Shanghai,121.433,31.167,1608,289.5447977053754
Beijing,116.283,39.933,1608,279.9372425124652
HongKong,114.167,22.333,1609,295.51762420017116
Shanghai,121.433,31.167,1609,289.4798436721041
Beijing,116.283,39.933,1609,279.97354662989085
HongKong,114.167,22.333,1610,295.6243136947371
Shanghai,121.433,31.167,1610,289.5540917411552
Beijing,116.283,39.933,1610,279.8750124480639
HongKong,114.167,22.333,1611,295.55180523099807
Shanghai,121.433,31.167,1611,289.4568606293047
Beijing,116.283,39.933,1611,279.79462600639505
HongKong,114.167,22.333,1612,295.4337252199255
Shanghai,121.433,31.167,1612,289.4383430840424
Beijing,116.283,39.933,1612,280.08658289815986
HongKong,114.167,22.333,1613,295.57128623585885
Shanghai,121.433,31.167,1613,289.4598392919045
Beijing,116.283,39.933,1613,279.9279081366311
HongKong,114.167,22.333,1614,295.60069771172
Shanghai,121.433,31.167,1614,289.44733989788756
Beijing,116.283,39.933,1614,279.87429125030275
HongKong,114.167,22.333,1615,295.6307885499394
Shanghai,121.433,31.167,1615,289.5263733104161
Beijing,116.283,39.933,1615,279.96752092251194
HongKong,114.167,22.333,1616,295.67405205452366
Shanghai,121.433,31.167,1616,289.68934105354515
Beijing,116.283,39.933,1616,280.1323877426194
HongKong,114.167,22.333,1617,295.5474481484129
Shanghai,121.433,31.167,1617,289.4385121893044
Beijing,116.283,39.933,1617,279.882092997776
HongKong,114.167,22.333,1618,295.8512166880582
Shanghai,121.433,31.167,1618,289.8561146200989
Beijing,116.283,39.933,1618,280.05135723211527
HongKong,114.167,22.333,1619,295.566666619025
Shanghai,121.433,31.167,1619,289.6767246333451
Beijing,116.283,39.933,1619,279.9162879221691
HongKong,114.167,22.333,1620,295.4260753027805
Shanghai,121.433,31.167,1620,289.5473930847372
Beijing,116.283,39.933,1620,280.17153855971696
HongKong,114.167,22.333,1621,295.29642541275257
Shanghai,121.433,31.167,1621,289.2747378389364
Beijing,116.283,39.933,1621,279.7686658064554
HongKong,114.167,22.333,1622,295.7780287831801
Shanghai,121.433,31.167,1622,289.5783974220493
Beijing,116.283,39.933,1622,279.94290991000355
HongKong,114.167,22.333,1623,295.4968633338065
Shanghai,121.433,31.167,1623,289.48804488592504
Beijing,116.283,39.933,1623,280.0221640733194
HongKong,114.167,22.333,1624,295.5781725102242
Shanghai,121.433,31.167,1624,289.61804709238646
Beijing,116.283,39.933,1624,279.9816284743584
HongKong,114.167,22.333,1625,295.6995961272825
Shanghai,121.433,31.167,1625,289.87503142963243
Beijing,116.283,39.933,1625,280.11099350584715
HongKong,114.167,22.333,1626,295.5989754822565
Shanghai,121.433,31.167,1626,289.5630039698061
Beijing,116.283,39.933,1626,279.6859686131554
HongKong,114.167,22.333,1627,295.5470540186328
Shanghai,121.433,31.167,1627,289.6737149074099
Beijing,116.283,39.933,1627,279.99435708380946
HongKong,114.167,22.333,1628,295.48682980840624
Shanghai,121.433,31.167,1628,289.5258765245961
Beijing,116.283,39.933,1628,280.015532778509
HongKong,114.167,22.333,1629,295.6301336203264
Shanghai,121.433,31.167,1629,289.5094165554355
Beijing,116.283,39.933,1629,279.9087049833052
HongKong,114.167,22.333,1630,295.55105734738464
Shanghai,121.433,31.167,1630,289.53463650894474
Beijing,116.283,39.933,1630,279.89901635613717
HongKong,114.167,22.333,1631,295.5199663353438
Shanghai,121.433,31.167,1631,289.60980551829135
Beijing,116.283,39.933,1631,280.0676628582683
HongKong,114.167,22.333,1632,295.5316569190413
Shanghai,121.433,31.167,1632,289.522356013326
Beijing,116.283,39.933,1632,279.7716873035653
HongKong,114.167,22.333,1633,295.76488858959965
Shanghai,121.433,31.167,1633,289.7392153197466
Beijing,116.283,39.933,1633,279.78717573721525
HongKong,114.167,22.333,1634,295.58247069003176
Shanghai,121.433,31.167,1634,289.53363726509383
Beijing,116.283,39.933,1634,280.05724020816365
HongKong,114.167,22.333,1635,295.5991483751659
Shanghai,121.433,31.167,1635,289.5707890010744
Beijing,116.283,39.933,1635,279.8650133505358
HongKong,114.167,22.333,1636,295.6221409183373
Shanghai,121.433,31.167,1636,289.6045084549779
Beijing,116.283,39.933,1636,279.8531632345248
HongKong,114.167,22.333,1637,295.47679778193907
Shanghai,121.433,31.167,1637,289.47000970179664
Beijing,116.283,39.933,1637,280.101751966802
HongKong,114.167,22.333,1638,295.5997211993847
Shanghai,121.433,31.167,1638,289.6704039043144
Beijing,116.283,39.933,1638,280.143400699376
HongKong,114.167,22.333,1639,295.5570226389945
Shanghai,121.433,31.167,1639,289.5712237879355
Beijing,116.283,39.933,1639,280.1537555253117
HongKong,114.167,22.333,1640,295.54122051441385
Shanghai,121.433,31.167,1640,289.53295913663095
Beijing,116.283,39.933,1640,280.0071144427944
HongKong,114.167,22.333,1641,294.9533396959767
Shanghai,121.433,31.167,1641,288.77158695124615
Beijing,116.283,39.933,1641,279.3942131721287
HongKong,114.167,22.333,1642,295.2668017307473
Shanghai,121.433,31.167,1642,289.1656157897592
Beijing,116.283,39.933,1642,279.48783466369014
HongKong,114.167,22.333,1643,295.48019313614145
Shanghai,121.433,31.167,1643,289.27251176731374
Beijing,116.283,39.933,1643,279.5430559132617
HongKong,114.167,22.333,1644,295.5042529815782
Shanghai,121.433,31.167,1644,289.45984741371535
Beijing,116.283,39.933,1644,279.9943736207201
HongKong,114.167,22.333,1645,295.4513160888213
Shanghai,121.433,31.167,1645,289.29894513324894
Beijing,116.283,39.933,1645,280.03473001230697
HongKong,114.167,22.333,1646,295.4758290563517
Shanghai,121.433,31.167,1646,289.4428912704602
Beijing,116.283,39.933,1646,279.9113029855706
HongKong,114.167,22.333,1647,295.593102520486
Shanghai,121.433,31.167,1647,289.8141307426137
Beijing,116.283,39.933,1647,280.2592420253886
HongKong,114.167,22.333,1648,295.4583790438621
Shanghai,121.433,31.167,1648,289.492448258052
Beijing,116.283,39.933,1648,279.92247817301177
HongKong,114.167,22.333,1649,295.5932913796349
Shanghai,121.433,31.167,1649,289.46058452009606
Beijing,116.283,39.933,1649,279.8130566963125
HongKong,114.167,22.333,1650,295.61591407386146
Shanghai,121.433,31.167,1650,289.5867180722142
Beijing,116.283,39.933,1650,280.00788723465587
HongKong,114.167,22.333,1651,295.505147085768
Shanghai,121.433,31.167,1651,289.3345262204192
Beijing,116.283,39.933,1651,279.70178099988703
HongKong,114.167,22.333,1652,295.42565853255275
Shanghai,121.433,31.167,1652,289.3977862443341
Beijing,116.283,39.933,1652,280.077387023387
HongKong,114.167,22.333,1653,295.5922229813071
Shanghai,121.433,31.167,1653,289.6550552209083
Beijing,116.283,39.933,1653,280.0310964658535
HongKong,114.167,22.333,1654,295.4526568612792
Shanghai,121.433,31.167,1654,289.6277024756743
Beijing,116.283,39.933,1654,280.0349446403526
HongKong,114.167,22.333,1655,295.67313803576235
Shanghai,121.433,31.167,1655,289.80062503731267
Beijing,116.283,39.933,1655,280.06817035469504
HongKong,114.167,22.333,1656,295.58884996064586
Shanghai,121.433,31.167,1656,289.6095600023467
Beijing,116.283,39.933,1656,280.0082780113876
HongKong,114.167,22.333,1657,295.6148609834145
Shanghai,121.433,31.167,1657,289.9058896085733
Beijing,116.283,39.933,1657,280.0320974818423
HongKong,114.167,22.333,1658,295.604103355423
Shanghai,121.433,31.167,1658,289.66930044153895
Beijing,116.283,39.933,1658,279.875307990521
HongKong,114.167,22.333,1659,295.67861436402086
Shanghai,121.433,31.167,1659,289.8469145797376
Beijing,116.283,39.933,1659,280.17247628395376
HongKong,114.167,22.333,1660,295.66011364855535
Shanghai,121.433,31.167,1660,289.6733849486396
Beijing,116.283,39.933,1660,279.97444260100923
HongKong,114.167,22.333,1661,295.67675663496004
Shanghai,121.433,31.167,1661,289.80402736300067
Beijing,116.283,39.933,1661,280.34995677154683
HongKong,114.167,22.333,1662,295.6871196110822
Shanghai,121.433,31.167,1662,289.7750574389864
Beijing,116.283,39.933,1662,280.311106477461
HongKong,114.167,22.333,1663,295.47608040404
Shanghai,121.433,31.167,1663,289.5530956496111
Beijing,116.283,39.933,1663,280.17218035098847
HongKong,114.167,22.333,1664,295.4491761780923
Shanghai,121.433,31.167,1664,289.4264982872159
Beijing,116.283,39.933,1664,279.7456703711582
HongKong,114.167,22.333,1665,295.6681631931406
Shanghai,121.433,31.167,1665,289.63648987827065
Beijing,116.283,39.933,1665,279.8144653944059
HongKong,114.167,22.333,1666,295.65997799252466
Shanghai,121.433,31.167,1666,289.5521842467065
Beijing,116.283,39.933,1666,280.02058756036
HongKong,114.167,22.333,1667,295.79385362431753
Shanghai,121.433,31.167,1667,289.7957267182117
Beijing,116.283,39.933,1667,280.03744207092893
HongKong,114.167,22.333,1668,295.6334802824635
Shanghai,121.433,31.167,1668,289.5666545392838
Beijing,116.283,39.933,1668,280.13484184704913
HongKong,114.167,22.333,1669,295.66361405179487
Shanghai,121.433,31.167,1669,289.75459430560824
Beijing,116.283,39.933,1669,280.2040684617451
HongKong,114.167,22.333,1670,295.7603144128161
Shanghai,121.433,31.167,1670,289.6851070439029
Beijing,116.283,39.933,1670,280.139540469412
HongKong,114.167,22.333,1671,295.5861307749858
Shanghai,121.433,31.167,1671,289.5841198362557
Beijing,116.283,39.933,1671,280.01445448936187
HongKong,114.167,22.333,1672,295.65036491369756
Shanghai,121.433,31.167,1672,289.65009426526973
Beijing,116.283,39.933,1672,279.98459974804183
HongKong,114.167,22.333,1673,295.4262292057314
Shanghai,121.433,31.167,1673,289.4281935393362
Beijing,116.283,39.933,1673,279.81082360579103
HongKong,114.167,22.333,1674,295.4518986781646
Shanghai,121.433,31.167,1674,289.3576858357664
Beijing,116.283,39.933,1674,279.53849633041983
HongKong,114.167,22.333,1675,295.62530706342164
Shanghai,121.433,31.167,1675,289.7445882637838
Beijing,116.283,39.933,1675,279.8050101429414
HongKong,114.167,22.333,1676,295.61431760013227
Shanghai,121.433,31.167,1676,289.6170510302991
Beijing,116.283,39.933,1676,279.9501061445895
HongKong,114.167,22.333,1677,295.5872928146826
Shanghai,121.433,31.167,1677,289.70849893912174
Beijing,116.283,39.933,1677,280.1255412229036
HongKong,114.167,22.333,1678,295.5156004713268
Shanghai,121.433,31.167,1678,289.350232010508
Beijing,116.283,39.933,1678,279.803577313579
HongKong,114.167,22.333,1679,295.45925934081157
Shanghai,121.433,31.167,1679,289.4135073092174
Beijing,116.283,39.933,1679,280.04429771198625
HongKong,114.167,22.333,1680,295.42747176601387
Shanghai,121.433,31.167,1680,289.6031673162139
Beijing,116.283,39.933,1680,280.0476046078579
HongKong,114.167,22.333,1681,295.5779203996325
Shanghai,121.433,31.167,1681,289.480672938715
Beijing,116.283,39.933,1681,279.86651614709746
HongKong,114.167,22.333,1682,295.3854047840338
Shanghai,121.433,31.167,1682,289.3787411326908
Beijing,116.283,39.933,1682,280.05044197073425
HongKong,114.167,22.333,1683,295.73017863544055
Shanghai,121.433,31.167,1683,289.54936211250305
Beijing,116.283,39.933,1683,279.740402521633
HongKong,114.167,22.333,1684,295.6519462506868
Shanghai,121.433,31.167,1684,289.48229139295614
Beijing,116.283,39.933,1684,279.4593972213327
HongKong,114.167,22.333,1685,295.64363032198946
Shanghai,121.433,31.167,1685,289.5805362395486
Beijing,116.283,39.933,1685,280.04756859585945
HongKong,114.167,22.333,1686,295.5274810716529
Shanghai,121.433,31.167,1686,289.51896646603177
Beijing,116.283,39.933,1686,279.72481092301075
HongKong,114.167,22.333,1687,295.6809412677794
Shanghai,121.433,31.167,1687,289.6057420960832
Beijing,116.283,39.933,1687,280.13104437300893
HongKong,114.167,22.333,1688,295.71884051678387
Shanghai,121.433,31.167,1688,289.6768347923443
Beijing,116.283,39.933,1688,279.87821933425727
HongKong,114.167,22.333,1689,295.59511400348515
Shanghai,121.433,31.167,1689,289.56090438784406
Beijing,116.283,39.933,1689,279.92961951025535
HongKong,114.167,22.333,1690,295.48036401907177
Shanghai,121.433,31.167,1690,289.5715438100607
Beijing,116.283,39.933,1690,279.79875908714695
HongKong,114.167,22.333,1691,295.4788765957306
Shanghai,121.433,31.167,1691,289.49002787238965
Beijing,116.283,39.933,1691,279.9605867718295
HongKong,114.167,22.333,1692,295.4313359475822
Shanghai,121.433,31.167,1692,289.6254792211046
Beijing,116.283,39.933,1692,280.19397719631513
HongKong,114.167,22.333,1693,295.4238581653966
Shanghai,121.433,31.167,1693,289.58009559593734
Beijing,116.283,39.933,1693,280.1565792422812
HongKong,114.167,22.333,1694,295.4219811145307
Shanghai,121.433,31.167,1694,289.5804220019611
Beijing,116.283,39.933,1694,280.02558055566425
HongKong,114.167,22.333,1695,295.5922691498621
Shanghai,121.433,31.167,1695,289.72357089182105
Beijing,116.283,39.933,1695,280.1267609085849
HongKong,114.167,22.333,1696,295.7267858715088
Shanghai,121.433,31.167,1696,289.7124429535945
Beijing,116.283,39.933,1696,279.8516590489028
HongKong,114.167,22.333,1697,295.57663599461915
Shanghai,121.433,31.167,1697,289.78513345793584
Beijing,116.283,39.933,1697,279.96771933126195
HongKong,114.167,22.333,1698,295.511278568329
Shanghai,121.433,31.167,1698,289.55801144997173
Beijing,116.283,39.933,1698,280.1021545798182
HongKong,114.167,22.333,1699,295.60085916758135
Shanghai,121.433,31.167,1699,289.44099405260783
Beijing,116.283,39.933,1699,279.7853597449768
HongKong,114.167,22.333,1700,295.52002751162377
Shanghai,121.433,31.167,1700,289.3267042062482
Beijing,116.283,39.933,1700,279.7743101060237
HongKong,114.167,22.333,1701,295.56950784554573
Shanghai,121.433,31.167,1701,289.39024208885485
Beijing,116.283,39.933,1701,279.9759303807954
HongKong,114.167,22.333,1702,295.3852596302435
Shanghai,121.433,31.167,1702,289.4060311800366
Beijing,116.283,39.933,1702,279.95709153799487
HongKong,114.167,22.333,1703,295.5728651190268
Shanghai,121.433,31.167,1703,289.64147432627294
Beijing,116.283,39.933,1703,279.9106766255838
HongKong,114.167,22.333,1704,295.61513477200486
Shanghai,121.433,31.167,1704,289.4727301336012
Beijing,116.283,39.933,1704,279.8647433304935
HongKong,114.167,22.333,1705,295.5983950314315
Shanghai,121.433,31.167,1705,289.462519729441
Beijing,116.283,39.933,1705,279.6809060978903
HongKong,114.167,22.333,1706,295.56744327549234
Shanghai,121.433,31.167,1706,289.5367079835206
Beijing,116.283,39.933,1706,280.00777527194396
HongKong,114.167,22.333,1707,295.6449979996302
Shanghai,121.433,31.167,1707,289.58225921758174
Beijing,116.283,39.933,1707,279.8882788548635
HongKong,114.167,22.333,1708,295.5758497557574
Shanghai,121.433,31.167,1708,289.4986982193466
Beijing,116.283,39.933,1708,279.8601680629844
HongKong,114.167,22.333,1709,295.5614125515767
Shanghai,121.433,31.167,1709,289.45919954385204
Beijing,116.283,39.933,1709,279.6440356422791
HongKong,114.167,22.333,1710,295.5136636578707
Shanghai,121.433,31.167,1710,289.6829894496423
Beijing,116.283,39.933,1710,279.9905303030132
HongKong,114.167,22.333,1711,295.5641446502927
Shanghai,121.433,31.167,1711,289.4989723397975
Beijing,116.283,39.933,1711,280.07025789312047
HongKong,114.167,22.333,1712,295.55865162228105
Shanghai,121.433,31.167,1712,289.6070105691994
Beijing,116.283,39.933,1712,279.84953791411544
HongKong,114.167,22.333,1713,295.6954598296394
Shanghai,121.433,31.167,1713,289.74232650991235
Beijing,116.283,39.933,1713,279.8749383621371
HongKong,114.167,22.333,1714,295.48321658321095
Shanghai,121.433,31.167,1714,289.57585972441336
Beijing,116.283,39.933,1714,279.9920468048859
HongKong,114.167,22.333,1715,295.502843555045
Shanghai,121.433,31.167,1715,289.48293830843306
Beijing,116.283,39.933,1715,279.7899676586447
HongKong,114.167,22.333,1716,295.54830585302403
Shanghai,121.433,31.167,1716,289.60508179032263
Beijing,116.283,39.933,1716,280.12273956323526
HongKong,114.167,22.333,1717,295.60061140813775
Shanghai,121.433,31.167,1717,289.7121915469032
Beijing,116.283,39.933,1717,279.87203164634053
HongKong,114.167,22.333,1718,295.49845013610866
Shanghai,121.433,31.167,1718,289.55465465076117
Beijing,116.283,39.933,1718,280.21622510555187
HongKong,114.167,22.333,1719,295.1300424686616
Shanghai,121.433,31.167,1719,289.03778874024624
Beijing,116.283,39.933,1719,279.45940099682434
HongKong,114.167,22.333,1720,295.0512684123429
Shanghai,121.433,31.167,1720,288.5738963235296
Beijing,116.283,39.933,1720,278.9527855871832
HongKong,114.167,22.333,1721,295.54949875712407
Shanghai,121.433,31.167,1721,289.4024227282254
Beijing,116.283,39.933,1721,279.8400979245299
HongKong,114.167,22.333,1722,295.5267358499392
Shanghai,121.433,31.167,1722,289.6080636621175
Beijing,116.283,39.933,1722,280.10625682657684
HongKong,114.167,22.333,1723,295.39977355025474
Shanghai,121.433,31.167,1723,289.407823392763
Beijing,116.283,39.933,1723,279.910590398515
HongKong,114.167,22.333,1724,295.4338599963768
Shanghai,121.433,31.167,1724,289.48771475716114
Beijing,116.283,39.933,1724,279.8460201184319
HongKong,114.167,22.333,1725,295.69159371937246
Shanghai,121.433,31.167,1725,289.4092040831847
Beijing,116.283,39.933,1725,279.63599052537444
HongKong,114.167,22.333,1726,295.5747877871231
Shanghai,121.433,31.167,1726,289.683411601749
Beijing,116.283,39.933,1726,279.95772654308934
HongKong,114.167,22.333,1727,295.61471539214386
Shanghai,121.433,31.167,1727,289.7297312556404
Beijing,116.283,39.933,1727,280.09095966791443
HongKong,114.167,22.333,1728,295.6274081538727
Shanghai,121.433,31.167,1728,289.6798248925443
Beijing,116.283,39.933,1728,279.9629390967295
HongKong,114.167,22.333,1729,295.5172465517979
Shanghai,121.433,31.167,1729,289.56529789386383
Beijing,116.283,39.933,1729,280.02235689532876
HongKong,114.167,22.333,1730,295.10548235725264
Shanghai,121.433,31.167,1730,289.05244873139844
Beijing,116.283,39.933,1730,279.53875068554686
HongKong,114.167,22.333,1731,295.58760380623016
Shanghai,121.433,31.167,1731,289.23020118283154
Beijing,116.283,39.933,1731,279.5150052457626
HongKong,114.167,22.333,1732,295.6277702073087
Shanghai,121.433,31.167,1732,289.64358934992157
Beijing,116.283,39.933,1732,280.0378020015267
HongKong,114.167,22.333,1733,295.63165936092975
Shanghai,121.433,31.167,1733,289.6585934791192
Beijing,116.283,39.933,1733,280.24252864622713
HongKong,114.167,22.333,1734,295.6163218598027
Shanghai,121.433,31.167,1734,289.7225599422584
Beijing,116.283,39.933,1734,280.3234132469694
HongKong,114.167,22.333,1735,295.5035297459032
Shanghai,121.433,31.167,1735,289.5704174103071
Beijing,116.283,39.933,1735,280.0319583103336
HongKong,114.167,22.333,1736,295.52327666428397
Shanghai,121.433,31.167,1736,289.6106168369694
Beijing,116.283,39.933,1736,280.1627580412729
HongKong,114.167,22.333,1737,295.58372059695347
Shanghai,121.433,31.167,1737,289.63700392414006
Beijing,116.283,39.933,1737,280.14894405552917
HongKong,114.167,22.333,1738,295.67535734266306
Shanghai,121.433,31.167,1738,289.54887104892316
Beijing,116.283,39.933,1738,279.9038820570515
HongKong,114.167,22.333,1739,295.457620569045
Shanghai,121.433,31.167,1739,289.5950758825725
Beijing,116.283,39.933,1739,280.14593544359604
HongKong,114.167,22.333,1740,295.7030395703993
Shanghai,121.433,31.167,1740,289.5686660451335
Beijing,116.283,39.933,1740,279.94139293341277
HongKong,114.167,22.333,1741,295.6736205566745
Shanghai,121.433,31.167,1741,289.5242590595837
Beijing,116.283,39.933,1741,279.905659272294
HongKong,114.167,22.333,1742,295.67773941835674
Shanghai,121.433,31.167,1742,289.6932986374945
Beijing,116.283,39.933,1742,280.1938903939878
HongKong,114.167,22.333,1743,295.6716762179255
Shanghai,121.433,31.167,1743,289.65534704439773
Beijing,116.283,39.933,1743,280.20071977386704
HongKong,114.167,22.333,1744,295.47765186659745
Shanghai,121.433,31.167,1744,289.4708682292259
Beijing,116.283,39.933,1744,279.96916603965116
HongKong,114.167,22.333,1745,295.6470619525655
Shanghai,121.433,31.167,1745,289.60880965285924
Beijing,116.283,39.933,1745,280.071311890098
HongKong,114.167,22.333,1746,295.49501338351126
Shanghai,121.433,31.167,1746,289.40471894205484
Beijing,116.283,39.933,1746,279.72911507763274
HongKong,114.167,22.333,1747,295.6380555127391
Shanghai,121.433,31.167,1747,289.5612883857903
Beijing,116.283,39.933,1747,279.9724164715122
HongKong,114.167,22.333,1748,295.8197014229075
Shanghai,121.433,31.167,1748,289.98641298047414
Beijing,116.283,39.933,1748,280.1742824654705
HongKong,114.167,22.333,1749,295.70839495110107
Shanghai,121.433,31.167,1749,289.6375841533833
Beijing,116.283,39.933,1749,280.1191138969764
HongKong,114.167,22.333,1750,295.57352050097126
Shanghai,121.433,31.167,1750,289.51147543605003
Beijing,116.283,39.933,1750,279.88272876396303
HongKong,114.167,22.333,1751,295.66034356168853
Shanghai,121.433,31.167,1751,289.7594006504004
Beijing,116.283,39.933,1751,280.2019307595144
HongKong,114.167,22.333,1752,295.27665513507907
Shanghai,121.433,31.167,1752,289.2858126609584
Beijing,116.283,39.933,1752,280.0462914184217
HongKong,114.167,22.333,1753,295.61297849002904
Shanghai,121.433,31.167,1753,289.3240987178362
Beijing,116.283,39.933,1753,279.60987398007336
HongKong,114.167,22.333,1754,295.5377329718661
Shanghai,121.433,31.167,1754,289.4093095025915
Beijing,116.283,39.933,1754,279.80902938506483
HongKong,114.167,22.333,1755,295.53430949598976
Shanghai,121.433,31.167,1755,289.58696089678114
Beijing,116.283,39.933,1755,280.0854043344166
HongKong,114.167,22.333,1756,295.33509281531843
Shanghai,121.433,31.167,1756,289.1188333839674
Beijing,116.283,39.933,1756,279.6309997932638
HongKong,114.167,22.333,1757,295.6231431864029
Shanghai,121.433,31.167,1757,289.666083826617
Beijing,116.283,39.933,1757,280.08439477100023
HongKong,114.167,22.333,1758,295.67453653974667
Shanghai,121.433,31.167,1758,289.7116872021107
Beijing,116.283,39.933,1758,280.0894249797663
HongKong,114.167,22.333,1759,295.5733458558771
Shanghai,121.433,31.167,1759,289.4819651523979
Beijing,116.283,39.933,1759,279.9562690144362
HongKong,114.167,22.333,1760,295.464917192274
Shanghai,121.433,31.167,1760,289.52280523895615
Beijing,116.283,39.933,1760,280.11527091341713
HongKong,114.167,22.333,1761,295.13165361531065
Shanghai,121.433,31.167,1761,289.0066895113266
Beijing,116.283,39.933,1761,279.53982641887893
HongKong,114.167,22.333,1762,293.61908506372646
Shanghai,121.433,31.167,1762,286.7010667570363
Beijing,116.283,39.933,1762,277.2477439573015
HongKong,114.167,22.333,1763,294.738452604897
Shanghai,121.433,31.167,1763,287.92258012188177
Beijing,116.283,39.933,1763,278.43884718112724
HongKong,114.167,22.333,1764,295.31038274319604
Shanghai,121.433,31.167,1764,288.96645752374485
Beijing,116.283,39.933,1764,279.32826756768634
HongKong,114.167,22.333,1765,295.33414078076646
Shanghai,121.433,31.167,1765,289.12633060432415
Beijing,116.283,39.933,1765,279.63055801376356
HongKong,114.167,22.333,1766,295.32659133433
Shanghai,121.433,31.167,1766,289.26503600496045
Beijing,116.283,39.933,1766,279.83421633961643
HongKong,114.167,22.333,1767,295.4120945027851
Shanghai,121.433,31.167,1767,289.3012604051625
Beijing,116.283,39.933,1767,279.71839850391945
HongKong,114.167,22.333,1768,295.45103551738515
Shanghai,121.433,31.167,1768,289.5332541148722
Beijing,116.283,39.933,1768,280.10508639337763
HongKong,114.167,22.333,1769,295.6427180400566
Shanghai,121.433,31.167,1769,289.6025492441581
Beijing,116.283,39.933,1769,279.8855080538804
HongKong,114.167,22.333,1770,295.7178732183246
Shanghai,121.433,31.167,1770,289.70588603732784
Beijing,116.283,39.933,1770,279.999726272865
HongKong,114.167,22.333,1771,295.48712990127865
Shanghai,121.433,31.167,1771,289.6562618862357
Beijing,116.283,39.933,1771,280.25633199417183
HongKong,114.167,22.333,1772,295.53268463102603
Shanghai,121.433,31.167,1772,289.4843792484347
Beijing,116.283,39.933,1772,279.8797199345179
HongKong,114.167,22.333,1773,295.6662496316735
Shanghai,121.433,31.167,1773,289.599531161694
Beijing,116.283,39.933,1773,280.0300695182381
HongKong,114.167,22.333,1774,295.62468977044585
Shanghai,121.433,31.167,1774,289.59977176188096
Beijing,116.283,39.933,1774,280.01320705805813
HongKong,114.167,22.333,1775,295.6722140154681
Shanghai,121.433,31.167,1775,289.5435669986347
Beijing,116.283,39.933,1775,280.07901687885584
HongKong,114.167,22.333,1776,295.56753044620905
Shanghai,121.433,31.167,1776,289.6855901360349
Beijing,116.283,39.933,1776,280.2327044317845
HongKong,114.167,22.333,1777,295.53417890720004
Shanghai,121.433,31.167,1777,289.3843733922974
Beijing,116.283,39.933,1777,279.778448671838
HongKong,114.167,22.333,1778,295.49014272873825
Shanghai,121.433,31.167,1778,289.3570271636403
Beijing,116.283,39.933,1778,279.7348369304917
HongKong,114.167,22.333,1779,295.7033138338639
Shanghai,121.433,31.167,1779,289.7773175936296
Beijing,116.283,39.933,1779,280.0215010536347
HongKong,114.167,22.333,1780,295.62581725302084
Shanghai,121.433,31.167,1780,289.5078345692253
Beijing,116.283,39.933,1780,279.8846988903503
HongKong,114.167,22.333,1781,295.53760613018017
Shanghai,121.433,31.167,1781,289.5961575394016
Beijing,116.283,39.933,1781,280.1689880924519
HongKong,114.167,22.333,1782,295.54397644648895
Shanghai,121.433,31.167,1782,289.469973585013
Beijing,116.283,39.933,1782,279.99895274494503
HongKong,114.167,22.333,1783,295.58380521605636
Shanghai,121.433,31.167,1783,289.69125465438066
Beijing,116.283,39.933,1783,280.283255872603
HongKong,114.167,22.333,1784,295.65423111173476
Shanghai,121.433,31.167,1784,289.4915087720562
Beijing,116.283,39.933,1784,279.8999555423448
HongKong,114.167,22.333,1785,295.90825865200253
Shanghai,121.433,31.167,1785,289.9075680688303
Beijing,116.283,39.933,1785,280.16939728707104
HongKong,114.167,22.333,1786,295.82990707717596
Shanghai,121.433,31.167,1786,289.97380304869364
Beijing,116.283,39.933,1786,280.24417835301205
HongKong,114.167,22.333,1787,295.5747483152469
Shanghai,121.433,31.167,1787,289.6709929904424
Beijing,116.283,39.933,1787,280.13503832346566
HongKong,114.167,22.333,1788,295.4733098179941
Shanghai,121.433,31.167,1788,289.6449519174706
Beijing,116.283,39.933,1788,280.06979340847397
HongKong,114.167,22.333,1789,295.5774323750004
Shanghai,121.433,31.167,1789,289.80945726219664
Beijing,116.283,39.933,1789,280.2153933343464
HongKong,114.167,22.333,1790,295.6933201585066
Shanghai,121.433,31.167,1790,289.73688905736606
Beijing,116.283,39.933,1790,279.986451919725
HongKong,114.167,22.333,1791,295.59631353642595
Shanghai,121.433,31.167,1791,289.6723936931668
Beijing,116.283,39.933,1791,280.0048706738279
HongKong,114.167,22.333,1792,295.6609104483057
Shanghai,121.433,31.167,1792,289.66304068408164
Beijing,116.283,39.933,1792,280.149448764408
HongKong,114.167,22.333,1793,295.7180815307654
Shanghai,121.433,31.167,1793,289.718360010036
Beijing,116.283,39.933,1793,280.2357186586554
HongKong,114.167,22.333,1794,295.6303213401341
Shanghai,121.433,31.167,1794,289.5212258296594
Beijing,116.283,39.933,1794,279.979789719325
HongKong,114.167,22.333,1795,295.5149276404782
Shanghai,121.433,31.167,1795,289.49709299328873
Beijing,116.283,39.933,1795,279.8874114316937
HongKong,114.167,22.333,1796,295.4107075698749
Shanghai,121.433,31.167,1796,289.4685396688881
Beijing,116.283,39.933,1796,280.0250757178518
HongKong,114.167,22.333,1797,295.3347552062328
Shanghai,121.433,31.167,1797,289.4462505615729
Beijing,116.283,39.933,1797,279.9851148477325
HongKong,114.167,22.333,1798,295.6194172331281
Shanghai,121.433,31.167,1798,289.75867901428757
Beijing,116.283,39.933,1798,279.83568901853795
HongKong,114.167,22.333,1799,295.7623508231169
Shanghai,121.433,31.167,1799,289.85762502399496
Beijing,116.283,39.933,1799,280.04532246485377
HongKong,114.167,22.333,1800,295.67003243543684
Shanghai,121.433,31.167,1800,289.80691481966153
Beijing,116.283,39.933,1800,280.1578452448701
HongKong,114.167,22.333,1801,295.67860250687244
Shanghai,121.433,31.167,1801,289.7383214240698
Beijing,116.283,39.933,1801,279.99696091991467
HongKong,114.167,22.333,1802,295.5749817455241
Shanghai,121.433,31.167,1802,289.8372437518874
Beijing,116.283,39.933,1802,280.2396857834372
HongKong,114.167,22.333,1803,295.5230471564816
Shanghai,121.433,31.167,1803,289.5940692838821
Beijing,116.283,39.933,1803,280.159056197874
HongKong,114.167,22.333,1804,295.72211982417593
Shanghai,121.433,31.167,1804,289.62677025926126
Beijing,116.283,39.933,1804,280.0373429851865
HongKong,114.167,22.333,1805,295.5755145460955
Shanghai,121.433,31.167,1805,289.6643817380673
Beijing,116.283,39.933,1805,279.92406096250704
HongKong,114.167,22.333,1806,295.64449048456424
Shanghai,121.433,31.167,1806,289.70575783004415
Beijing,116.283,39.933,1806,280.21708303335356
HongKong,114.167,22.333,1807,295.64108072313473
Shanghai,121.433,31.167,1807,289.47655443473104
Beijing,116.283,39.933,1807,279.9109151543312
HongKong,114.167,22.333,1808,295.53474979712394
Shanghai,121.433,31.167,1808,289.4483506616339
Beijing,116.283,39.933,1808,279.8338683050451
HongKong,114.167,22.333,1809,295.2312012150593
Shanghai,121.433,31.167,1809,289.1587492261033
Beijing,116.283,39.933,1809,279.4265290058456
HongKong,114.167,22.333,1810,295.10875740625886
Shanghai,121.433,31.167,1810,288.9285502828208
Beijing,116.283,39.933,1810,279.47782035253596
HongKong,114.167,22.333,1811,295.632936540114
Shanghai,121.433,31.167,1811,289.5514011803229
Beijing,116.283,39.933,1811,279.77416438555207
HongKong,114.167,22.333,1812,295.4829940087718
Shanghai,121.433,31.167,1812,289.6122282966629
Beijing,116.283,39.933,1812,280.0311923181711
HongKong,114.167,22.333,1813,295.33819448886
Shanghai,121.433,31.167,1813,289.20005195481116
Beijing,116.283,39.933,1813,279.80932305089465
HongKong,114.167,22.333,1814,295.4605249661622
Shanghai,121.433,31.167,1814,289.4963453428167
Beijing,116.283,39.933,1814,280.05936032149975
HongKong,114.167,22.333,1815,294.75641868548007
Shanghai,121.433,31.167,1815,288.6528304967036
Beijing,116.283,39.933,1815,279.06822208928673
HongKong,114.167,22.333,1816,294.43371358744184
Shanghai,121.433,31.167,1816,288.12497720170865
Beijing,116.283,39.933,1816,278.57324847395415
HongKong,114.167,22.333,1817,295.15697754822
Shanghai,121.433,31.167,1817,288.91851471643344
Beijing,116.283,39.933,1817,279.1546902753971
HongKong,114.167,22.333,1818,295.42213795968325
Shanghai,121.433,31.167,1818,289.326246831186
Beijing,116.283,39.933,1818,279.76625636840396
HongKong,114.167,22.333,1819,295.40843002752376
Shanghai,121.433,31.167,1819,289.3077527643134
Beijing,116.283,39.933,1819,279.7789236829116
HongKong,114.167,22.333,1820,295.3519166354331
Shanghai,121.433,31.167,1820,289.39739302165145
Beijing,116.283,39.933,1820,279.9011122657039
HongKong,114.167,22.333,1821,295.49099275331713
Shanghai,121.433,31.167,1821,289.4890295044095
Beijing,116.283,39.933,1821,279.80871653128173
HongKong,114.167,22.333,1822,295.50077456985247
Shanghai,121.433,31.167,1822,289.62823592830074
Beijing,116.283,39.933,1822,280.1091454828956
HongKong,114.167,22.333,1823,295.4592960186424
Shanghai,121.433,31.167,1823,289.5483427341723
Beijing,116.283,39.933,1823,280.1086710383215
HongKong,114.167,22.333,1824,295.54003289856996
Shanghai,121.433,31.167,1824,289.3783109992979
Beijing,116.283,39.933,1824,279.6495481934459
HongKong,114.167,22.333,1825,295.56021859171545
Shanghai,121.433,31.167,1825,289.79896312080683
Beijing,116.283,39.933,1825,280.13148957225866
HongKong,114.167,22.333,1826,295.67514943141754
Shanghai,121.433,31.167,1826,289.6240989433281
Beijing,116.283,39.933,1826,280.0523842705718
HongKong,114.167,22.333,1827,295.6549226264357
Shanghai,121.433,31.167,1827,289.6865469121314
Beijing,116.283,39.933,1827,279.9137864402773
HongKong,114.167,22.333,1828,295.77017048606126
Shanghai,121.433,31.167,1828,289.8696743170911
Beijing,116.283,39.933,1828,280.18834105891267
HongKong,114.167,22.333,1829,295.69642275320905
Shanghai,121.433,31.167,1829,289.5876336625298
Beijing,116.283,39.933,1829,280.14984515437044
HongKong,114.167,22.333,1830,295.6598454520575
Shanghai,121.433,31.167,1830,289.62325459145603
Beijing,116.283,39.933,1830,279.9996919283545
HongKong,114.167,22.333,1831,295.4200426564988
Shanghai,121.433,31.167,1831,289.33912760032507
Beijing,116.283,39.933,1831,279.6323843262666
HongKong,114.167,22.333,1832,295.3841697108854
Shanghai,121.433,31.167,1832,288.9804220755913
Beijing,116.283,39.933,1832,279.30516513124354
HongKong,114.167,22.333,1833,295.52030093501907
Shanghai,121.433,31.167,1833,289.5050919915427
Beijing,116.283,39.933,1833,279.87095074594623
HongKong,114.167,22.333,1834,295.624066878585
Shanghai,121.433,31.167,1834,289.69034161579896
Beijing,116.283,39.933,1834,280.0371205234544
HongKong,114.167,22.333,1835,294.81186537304336
Shanghai,121.433,31.167,1835,288.6439279038041
Beijing,116.283,39.933,1835,279.00802540312867
HongKong,114.167,22.333,1836,295.2921470959355
Shanghai,121.433,31.167,1836,288.94993892815796
Beijing,116.283,39.933,1836,279.40882717704125
HongKong,114.167,22.333,1837,295.5242432849991
Shanghai,121.433,31.167,1837,289.17658276158966
Beijing,116.283,39.933,1837,279.6294228814497
HongKong,114.167,22.333,1838,295.5587556113423
Shanghai,121.433,31.167,1838,289.43232129467947
Beijing,116.283,39.933,1838,279.8603193041736
HongKong,114.167,22.333,1839,295.56816901926567
Shanghai,121.433,31.167,1839,289.6506596663081
Beijing,116.283,39.933,1839,280.0804831065497
HongKong,114.167,22.333,1840,295.5933378032492
Shanghai,121.433,31.167,1840,289.70025987032335
Beijing,116.283,39.933,1840,280.17900627029394
HongKong,114.167,22.333,1841,295.53723069810013
Shanghai,121.433,31.167,1841,289.632023957123
Beijing,116.283,39.933,1841,280.1437376576826
HongKong,114.167,22.333,1842,295.69291087060293
Shanghai,121.433,31.167,1842,289.5368082160654
Beijing,116.283,39.933,1842,280.00314894569533
HongKong,114.167,22.333,1843,295.7249311371538
Shanghai,121.433,31.167,1843,289.5590545047845
Beijing,116.283,39.933,1843,279.98165537641114
HongKong,114.167,22.333,1844,295.6125158832449
Shanghai,121.433,31.167,1844,289.6637672309556
Beijing,116.283,39.933,1844,280.18449225979595
HongKong,114.167,22.333,1845,295.530647399806
Shanghai,121.433,31.167,1845,289.57643970437306
Beijing,116.283,39.933,1845,280.00649544243083
HongKong,114.167,22.333,1846,295.7569753265297
Shanghai,121.433,31.167,1846,289.72373902913915
Beijing,116.283,39.933,1846,280.1432013823565
HongKong,114.167,22.333,1847,295.68786156621604
Shanghai,121.433,31.167,1847,289.5848172193736
Beijing,116.283,39.933,1847,280.0199722234315
HongKong,114.167,22.333,1848,295.5836685453702
Shanghai,121.433,31.167,1848,289.5646726041175
Beijing,116.283,39.933,1848,279.91980820711615
HongKong,114.167,22.333,1849,295.71612246246946
Shanghai,121.433,31.167,1849,289.631305160258
Beijing,116.283,39.933,1849,280.07811362117894
HongKong,114.167,22.333,1850,295.58251629397097
Shanghai,121.433,31.167,1850,289.63483481042994
Beijing,116.283,39.933,1850,280.06031211022946
HongKong,114.167,22.333,1851,295.6571053995802
Shanghai,121.433,31.167,1851,289.7677577015079
Beijing,116.283,39.933,1851,279.9789642959586
HongKong,114.167,22.333,1852,295.8662837581603
Shanghai,121.433,31.167,1852,290.14827824586047
Beijing,116.283,39.933,1852,280.63412895647906
HongKong,114.167,22.333,1853,295.8484668876589
Shanghai,121.433,31.167,1853,289.79434960375016
Beijing,116.283,39.933,1853,280.0202294383607
HongKong,114.167,22.333,1854,295.66442019803776
Shanghai,121.433,31.167,1854,289.619471054802
Beijing,116.283,39.933,1854,280.1869471970729
HongKong,114.167,22.333,1855,295.7396108028137
Shanghai,121.433,31.167,1855,289.8754547298685
Beijing,116.283,39.933,1855,280.09546068542716
HongKong,114.167,22.333,1856,295.63878109280546
Shanghai,121.433,31.167,1856,289.5669400113489
Beijing,116.283,39.933,1856,279.7804051442431
HongKong,114.167,22.333,1857,295.813036515636
Shanghai,121.433,31.167,1857,289.65180375994436
Beijing,116.283,39.933,1857,280.12515384986756
HongKong,114.167,22.333,1858,295.5710260257411
Shanghai,121.433,31.167,1858,289.30456297915106
Beijing,116.283,39.933,1858,279.90514299303555
HongKong,114.167,22.333,1859,295.64168662017295
Shanghai,121.433,31.167,1859,289.5827194262494
Beijing,116.283,39.933,1859,279.8131300782155
HongKong,114.167,22.333,1860,295.76951009652595
Shanghai,121.433,31.167,1860,289.9150593669645
Beijing,116.283,39.933,1860,280.08882107411273
HongKong,114.167,22.333,1861,295.6293350432331
Shanghai,121.433,31.167,1861,289.5929440060388
Beijing,116.283,39.933,1861,280.2511883984908
HongKong,114.167,22.333,1862,295.76749801430753
Shanghai,121.433,31.167,1862,289.7028968999718
Beijing,116.283,39.933,1862,280.1711394699892
HongKong,114.167,22.333,1863,295.70816901960234
Shanghai,121.433,31.167,1863,289.7472325268563
Beijing,116.283,39.933,1863,279.98651507804254
HongKong,114.167,22.333,1864,295.70718134510554
Shanghai,121.433,31.167,1864,289.6941958290672
Beijing,116.283,39.933,1864,279.8615027703263
HongKong,114.167,22.333,1865,295.6840342929193
Shanghai,121.433,31.167,1865,289.80771905236344
Beijing,116.283,39.933,1865,280.121111644583
HongKong,114.167,22.333,1866,295.67378021121084
Shanghai,121.433,31.167,1866,289.48649408267136
Beijing,116.283,39.933,1866,279.9256212101147
HongKong,114.167,22.333,1867,295.6988117625377
Shanghai,121.433,31.167,1867,289.2464886731198
Beijing,116.283,39.933,1867,279.93499097838
HongKong,114.167,22.333,1868,295.6148896235142
Shanghai,121.433,31.167,1868,289.81659498505894
Beijing,116.283,39.933,1868,280.2387562099932
HongKong,114.167,22.333,1869,295.5844046592119
Shanghai,121.433,31.167,1869,289.6225001536553
Beijing,116.283,39.933,1869,280.0281318167146
HongKong,114.167,22.333,1870,295.65243404476024
Shanghai,121.433,31.167,1870,289.43359572709807
Beijing,116.283,39.933,1870,279.91507625453215
HongKong,114.167,22.333,1871,295.60033924238905
Shanghai,121.433,31.167,1871,289.4639781754666
Beijing,116.283,39.933,1871,279.7918816759742
HongKong,114.167,22.333,1872,295.7414864023471
Shanghai,121.433,31.167,1872,289.6665824279628
Beijing,116.283,39.933,1872,280.1429586622164
HongKong,114.167,22.333,1873,295.7129555848505
Shanghai,121.433,31.167,1873,289.78004053879397
Beijing,116.283,39.933,1873,280.01818023971623
HongKong,114.167,22.333,1874,295.6244038055599
Shanghai,121.433,31.167,1874,289.543348337379
Beijing,116.283,39.933,1874,280.0077242305295
HongKong,114.167,22.333,1875,295.5842748365625
Shanghai,121.433,31.167,1875,289.57493460140506
Beijing,116.283,39.933,1875,280.0841113401549
HongKong,114.167,22.333,1876,295.6068327607843
Shanghai,121.433,31.167,1876,289.3361883938954
Beijing,116.283,39.933,1876,279.8225297302068
HongKong,114.167,22.333,1877,295.5739412709333
Shanghai,121.433,31.167,1877,289.6203322170558
Beijing,116.283,39.933,1877,280.1099129151506
HongKong,114.167,22.333,1878,295.47776719358455
Shanghai,121.433,31.167,1878,289.5106630040534
Beijing,116.283,39.933,1878,280.0671922161873
HongKong,114.167,22.333,1879,295.7565538449243
Shanghai,121.433,31.167,1879,289.74528155366676
Beijing,116.283,39.933,1879,279.9323532245462
HongKong,114.167,22.333,1880,295.83845158816325
Shanghai,121.433,31.167,1880,289.66386717640967
Beijing,116.283,39.933,1880,280.1536832929152
HongKong,114.167,22.333,1881,295.7191526855778
Shanghai,121.433,31.167,1881,289.71802247093717
Beijing,116.283,39.933,1881,280.2254349644571
HongKong,114.167,22.333,1882,295.57626172682785
Shanghai,121.433,31.167,1882,289.4965372025411
Beijing,116.283,39.933,1882,280.03962878324575
HongKong,114.167,22.333,1883,295.58376324527023
Shanghai,121.433,31.167,1883,289.4028130783651
Beijing,116.283,39.933,1883,279.7676949686176
HongKong,114.167,22.333,1884,295.17474021559104
Shanghai,121.433,31.167,1884,289.0165290009997
Beijing,116.283,39.933,1884,279.2607105223371
HongKong,114.167,22.333,1885,295.4710087689263
Shanghai,121.433,31.167,1885,289.24444004430546
Beijing,116.283,39.933,1885,279.24999585429293
HongKong,114.167,22.333,1886,295.49533399271644
Shanghai,121.433,31.167,1886,289.2051861414549
Beijing,116.283,39.933,1886,279.6347245414924
HongKong,114.167,22.333,1887,295.5771673287902
Shanghai,121.433,31.167,1887,289.53100190387045
Beijing,116.283,39.933,1887,279.8514675218821
HongKong,114.167,22.333,1888,295.43088028323467
Shanghai,121.433,31.167,1888,289.29475964267846
Beijing,116.283,39.933,1888,279.72092517374995
HongKong,114.167,22.333,1889,295.5510739792576
Shanghai,121.433,31.167,1889,289.60937818501554
Beijing,116.283,39.933,1889,280.20515568692946
HongKong,114.167,22.333,1890,295.4270591993785
Shanghai,121.433,31.167,1890,289.2702988629899
Beijing,116.283,39.933,1890,279.6409369613139
HongKong,114.167,22.333,1891,295.1909871981626
Shanghai,121.433,31.167,1891,289.02608664102974
Beijing,116.283,39.933,1891,279.6121060421283
HongKong,114.167,22.333,1892,295.47614084255474
Shanghai,121.433,31.167,1892,289.3081115321522
Beijing,116.283,39.933,1892,279.63807088817333
HongKong,114.167,22.333,1893,295.553607011515
Shanghai,121.433,31.167,1893,289.6115240050798
Beijing,116.283,39.933,1893,279.8736287112305
HongKong,114.167,22.333,1894,295.53752613000364
Shanghai,121.433,31.167,1894,289.42157155571334
Beijing,116.283,39.933,1894,279.80001687082233
HongKong,114.167,22.333,1895,295.45206451750227
Shanghai,121.433,31.167,1895,289.5815761651368
Beijing,116.283,39.933,1895,280.13701783809745
HongKong,114.167,22.333,1896,295.6564651951323
Shanghai,121.433,31.167,1896,289.5602964949768
Beijing,116.283,39.933,1896,280.0727339101672
HongKong,114.167,22.333,1897,295.6721964157746
Shanghai,121.433,31.167,1897,289.67795579366873
Beijing,116.283,39.933,1897,280.142932445603
HongKong,114.167,22.333,1898,295.6085579395866
Shanghai,121.433,31.167,1898,289.47016035319376
Beijing,116.283,39.933,1898,280.14683058249886
HongKong,114.167,22.333,1899,295.6281012725431
Shanghai,121.433,31.167,1899,289.5764130773109
Beijing,116.283,39.933,1899,280.1761000087311
HongKong,114.167,22.333,1900,295.53886183428983
Shanghai,121.433,31.167,1900,289.3826373170502
Beijing,116.283,39.933,1900,279.9177177741371
HongKong,114.167,22.333,1901,295.75254172143246
Shanghai,121.433,31.167,1901,289.8633438867073
Beijing,116.283,39.933,1901,279.9809874863322
HongKong,114.167,22.333,1902,295.767703331527
Shanghai,121.433,31.167,1902,289.715751484787
Beijing,116.283,39.933,1902,279.91590661515045
HongKong,114.167,22.333,1903,295.1946581303436
Shanghai,121.433,31.167,1903,289.0003884963573
Beijing,116.283,39.933,1903,279.45230098504237
HongKong,114.167,22.333,1904,295.4518896728535
Shanghai,121.433,31.167,1904,289.3145588984938
Beijing,116.283,39.933,1904,279.59833726585
HongKong,114.167,22.333,1905,295.52306925955276
Shanghai,121.433,31.167,1905,289.33978811628583
Beijing,116.283,39.933,1905,279.71786062570953
HongKong,114.167,22.333,1906,295.37593521157885
Shanghai,121.433,31.167,1906,289.22763611205744
Beijing,116.283,39.933,1906,279.7876453141411
HongKong,114.167,22.333,1907,295.4091599279662
Shanghai,121.433,31.167,1907,289.2838832834655
Beijing,116.283,39.933,1907,279.6278069736703
HongKong,114.167,22.333,1908,295.57361038218596
Shanghai,121.433,31.167,1908,289.27171430031734
Beijing,116.283,39.933,1908,279.6057207414355
HongKong,114.167,22.333,1909,295.616844625761
Shanghai,121.433,31.167,1909,289.2340562410076
Beijing,116.283,39.933,1909,279.7017290963842
HongKong,114.167,22.333,1910,295.58889697626495
Shanghai,121.433,31.167,1910,289.4092402843354
Beijing,116.283,39.933,1910,280.1404640629018
HongKong,114.167,22.333,1911,295.39129996804905
Shanghai,121.433,31.167,1911,289.3449682453325
Beijing,116.283,39.933,1911,280.04445685497654
