year,number_of_observations,numerical_jitter
1368,3,0
1369,2,0
1370,2,0
1371,3,0
1373,2,0
1374,1,0
1376,1,0
1377,2,0
1378,2,0
1379,1,0
1380,1,0
1381,5,0
1382,2,0
1383,1,0
1384,7,0
1385,4,0
1386,1,0
1389,2,0
1390,2,0
1391,2,0
1392,1,0
1393,2,0
1394,1,0
1397,2,0
1399,2,0
1403,2,0
1406,1,0
1407,1,0
1408,1,0
1409,1,0
1411,1,0
1412,1,0
1413,1,0
1414,1,0
1415,4,0
1416,3,0
1424,1,0
1425,2,0
1426,3,0
1427,1,0
1428,7,0
1429,2,0
1430,2,0
1431,3,0
1432,14,0
1433,13,0
1434,2,0
1435,3,0
1436,5,0
1437,8,0
1438,6,0
1439,5,0
1440,2,0
1441,2,0
1442,1,0
1443,4,0
1444,4,0
1445,6,0
1447,4,0
1448,4,0
1449,11,0
1450,14,0
1451,11,0
1452,13,0
1453,51,0
1454,77,0
1455,8,0
1456,3,0
1457,12,0
1458,8,0
1459,3,0
1460,9,0
1461,2,0
1462,10,0
1463,10,0
1464,2,0
1465,4,0
1466,6,0
1467,1,0
1468,2,0
1469,3,0
1470,8,0
1471,12,0
1472,2,0
1473,5,0
1474,7,0
1475,4,0
1476,22,0
1477,32,0
1478,6,0
1479,6,0
1480,8,0
1481,8,0
1482,3,0
1483,28,0
1484,21,0
1485,7,0
1486,6,0
1487,3,0
1488,9,0
1489,14,0
1490,8,0
1491,6,0
1492,10,0
1493,82,0
1494,68,0
1495,20,0
1496,11,0
1497,7,0
1498,6,0
1499,5,0
1500,1,0
1501,16,0
1502,12,0
1503,10,0
1504,11,0
1505,2,0
1506,8,0
1507,25,0
1508,34,0
1509,32,0
1510,34,0
1511,16,0
1512,19,0
1513,49,0
1514,30,0
1515,9,0
1516,12,0
1517,10,0
1518,15,0
1519,14,0
1520,12,0
1521,4,0
1522,9,0
1523,20,0
1524,22,0
1525,9,0
1526,7,0
1527,17,0
1528,14,0
1529,25,0
1530,15,0
1531,8,0
1532,29,0
1533,30,0
1534,10,0
1535,8,0
1536,11,0
1537,16,0
1538,6,0
1539,12,0
1540,12,0
1541,13,0
1542,5,0
1543,5,0
1544,17,0
1545,11,0
1546,9,0
1547,18,0
1548,16,0
1549,11,0
1550,19,0
1551,9,0
1552,11,0
1553,15,0
1554,9,0
1555,8,0
1556,9,0
1557,7,0
1558,8,0
1559,4,0
1560,17,0
1561,27,0
1562,12,0
1563,14,0
1564,20,0
1565,29,0
1566,30,0
1567,26,0
1568,15,0
1569,13,0
1570,14,0
1571,6,0
1572,17,0
1573,9,0
1574,8,0
1575,5,0
1576,11,0
1577,12,0
1578,46,0
1579,39,0
1580,18,0
1581,15,0
1582,10,0
1583,13,0
1584,8,0
1585,18,0
1586,23,0
1587,31,0
1588,28,0
1589,22,0
1590,20,0
1591,12,0
1592,18,0
1593,14,0
1594,18,0
1595,31,0
1596,12,0
1597,16,0
1598,15,0
1599,8,0
1600,10,0
1601,32,0
1602,19,0
1603,4,0
1604,11,0
1605,19,0
1606,5,0
1607,5,0
1608,8,0
1609,13,0
1610,12,0
1611,7,0
1612,13,0
1613,9,0
1614,8,0
1615,22,0
1616,23,0
1617,19,0
1618,22,0
1619,15,0
1620,57,0
1621,99,0
1622,15,0
1623,10,0
1624,21,0
1625,9,0
1626,16,0
1627,24,0
1628,53,0
1629,13,0
1630,17,0
1631,39,0
1632,34,0
1633,26,0
1634,36,0
1635,12,0
1636,39,0
1637,41,0
1638,20,0
1639,39,0
1640,81,0
1641,43,0
1642,27,0
1643,28,0
1644,28,0
1645,15,0
1646,14,0
1647,8,0
1648,9,0
1649,18,0
1650,14,0
1651,8,0
1652,24,0
1653,58,0
1654,98,0
1655,98,0
1656,78,0
1657,27,0
1658,27,0
1659,25,0
1660,27,0
1661,28,0
1662,20,0
1663,23,0
1664,54,0
1665,33,0
1666,30,0
1667,26,0
1668,19,0
1669,25,0
1670,97,0
1671,143,0
1672,32,0
1673,21,0
1674,30,0
1675,27,0
1676,16,0
1677,28,0
1678,39,0
1679,28,0
1680,16,0
1681,20,0
1682,23,0
1683,34,0
1684,45,0
1685,11,0
1686,11,0
1687,10,0
1688,18,0
1689,22,0
1690,99,0
1691,79,0
1692,9,0
1693,13,0
1694,23,0
1695,33,0
1696,28,0
1697,28,0
1698,7,0
1699,14,0
1700,9,0
1701,19,0
1702,16,0
1703,15,0
1704,12,0
1705,8,0
1706,4,0
1707,6,0
1708,10,0
1709,9,0
1710,9,0
1711,12,0
1712,14,0
1713,10,0
1714,28,0
1715,21,0
1716,10,0
1717,9,0
1718,19,0
1719,21,0
1720,43,0
1721,36,0
1722,21,0
1723,27,0
1724,10,0
1725,14,0
1726,14,0
1727,20,0
1728,15,0
1729,30,0
1730,14,0
1731,15,0
1732,24,0
1733,13,0
1734,6,0
1735,6,0
1736,11,0
1737,5,0
1738,5,0
1739,9,0
1740,28,0
1741,13,0
1742,15,0
1743,87,0
1744,9,0
1745,38,0
1746,33,0
1747,18,0
1748,20,0
1749,12,0
1750,18,0
1751,16,0
1752,14,0
1753,13,0
1754,7,0
1755,19,0
1756,15,0
1757,11,0
1758,17,0
1759,20,0
1760,12,0
1761,23,0
1762,25,0
1763,9,0
1764,10,0
1765,10,0
1766,8,0
1767,9,0
1768,12,0
1769,16,0
1770,9,0
1771,11,0
1772,3,0
1773,7,0
1774,6,0
1775,2,0
1776,9,0
1777,12,0
1778,27,0
1779,7,0
1780,5,0
1781,4,0
1782,8,0
1783,14,0
1784,24,0
1785,20,0
1786,21,0
1787,9,0
1788,21,0
1789,13,0
1790,36,0
1791,35,0
1792,19,0
1793,12,0
1794,26,0
1795,11,0
1796,64,0
1797,13,0
1798,25,0
1799,21,0
1800,38,0
1801,11,0
1802,13,0
1803,18,0
1804,14,0
1805,18,0
1806,9,0
1807,9,0
1808,22,0
1809,23,0
1810,16,0
1811,8,0
1812,17,0
1813,45,0
1814,49,0
1815,49,0
1816,30,0
1817,25,0
1818,10,0
1819,41,0
1820,72,0
1821,31,0
1822,17,0
1823,19,0
1824,8,0
1825,20,0
1826,19,0
1827,19,0
1828,20,0
1829,10,0
1830,15,0
1831,75,0
1832,139,0
1833,91,0
1834,48,0
1835,31,0
1836,39,0
1837,22,0
1838,21,0
1839,58,0
1840,28,0
1841,105,0
1842,76,0
1843,14,0
1844,8,0
1845,16,0
1846,22,0
1847,17,0
1848,22,0
1849,22,0
1850,21,0
1851,21,0
1852,22,0
1853,31,0
1854,25,0
1855,15,0
1856,41,0
1857,21,0
1858,18,0
1859,19,0
1860,75,0
1861,106,0
1862,148,0
1863,50,0
1864,76,0
1865,95,0
1866,33,0
1867,35,0
1868,36,0
1869,25,0
1870,51,0
1871,52,0
1872,36,0
1873,50,0
1874,30,0
1875,52,0
1876,53,0
1877,62,0
1878,69,0
1879,39,0
1880,22,0
1881,41,0
1882,22,0
1883,18,0
1884,14,0
1885,14,0
1886,33,0
1887,44,0
1888,32,0
1889,24,0
1890,21,0
1891,47,0
1892,117,0
1893,156,0
1894,26,0
1895,53,0
1896,36,0
1897,22,0
1898,17,0
1899,33,0
1900,54,0
1901,34,0
1902,28,0
1903,16,0
1904,15,0
1905,17,0
1906,14,0
1907,9,0
1908,18,0
1909,13,0
1910,34,0
1911,47,0
